/*
SQLyog Community v13.1.2 (64 bit)
MySQL - 10.1.38-MariaDB : Database - china_med
*********************************************************************
*/

/*!40101 SET NAMES utf8 */;

/*!40101 SET SQL_MODE=''*/;

/*!40014 SET @OLD_UNIQUE_CHECKS=@@UNIQUE_CHECKS, UNIQUE_CHECKS=0 */;
/*!40014 SET @OLD_FOREIGN_KEY_CHECKS=@@FOREIGN_KEY_CHECKS, FOREIGN_KEY_CHECKS=0 */;
/*!40101 SET @OLD_SQL_MODE=@@SQL_MODE, SQL_MODE='NO_AUTO_VALUE_ON_ZERO' */;
/*!40111 SET @OLD_SQL_NOTES=@@SQL_NOTES, SQL_NOTES=0 */;
CREATE DATABASE /*!32312 IF NOT EXISTS*/`china_med` /*!40100 DEFAULT CHARACTER SET utf8 COLLATE utf8_unicode_ci */;

USE `china_med`;

/*Table structure for table `tb_recipe` */

DROP TABLE IF EXISTS `tb_recipe`;

CREATE TABLE `tb_recipe` (
  `i_recipe_id` int(8) NOT NULL AUTO_INCREMENT,
  `v_recipe_name` varchar(50) COLLATE utf8_unicode_ci DEFAULT NULL,
  `v_recipe_ingredient` varchar(225) COLLATE utf8_unicode_ci DEFAULT NULL,
  `i_recipe_status` int(1) DEFAULT NULL,
  PRIMARY KEY (`i_recipe_id`)
) ENGINE=InnoDB AUTO_INCREMENT=159 DEFAULT CHARSET=utf8 COLLATE=utf8_unicode_ci;

/*Data for the table `tb_recipe` */

insert  into `tb_recipe`(`i_recipe_id`,`v_recipe_name`,`v_recipe_ingredient`,`i_recipe_status`) values (1,'桂枝汤','桂枝9 ，白芍9 甘草6 生姜9 ，大枣4枚',1);
insert  into `tb_recipe`(`i_recipe_id`,`v_recipe_name`,`v_recipe_ingredient`,`i_recipe_status`) values (2,'桂枝加桂汤','桂枝15 ，白芍9 甘草6 生姜9 ，大枣4枚',1);
insert  into `tb_recipe`(`i_recipe_id`,`v_recipe_name`,`v_recipe_ingredient`,`i_recipe_status`) values (3,'桂枝加葛根汤','葛根9  桂枝9  白芍9  生姜9  大枣4枚   甘草6',1);
insert  into `tb_recipe`(`i_recipe_id`,`v_recipe_name`,`v_recipe_ingredient`,`i_recipe_status`) values (4,'瓜蒌桂枝汤','桂枝9 ，白芍9 甘草6 生姜9 ，大枣4枚 ，瓜蒌根 9',1);
insert  into `tb_recipe`(`i_recipe_id`,`v_recipe_name`,`v_recipe_ingredient`,`i_recipe_status`) values (5,'桂枝加黄芪汤','桂枝9 ，白芍9   炙甘草6 生姜9 ，大枣4枚     黄芪9',1);
insert  into `tb_recipe`(`i_recipe_id`,`v_recipe_name`,`v_recipe_ingredient`,`i_recipe_status`) values (6,'黄芪芍药桂枝苦酒汤','黄芪15 芍药 9 桂枝9  苦酒20ml（米醋）',1);
insert  into `tb_recipe`(`i_recipe_id`,`v_recipe_name`,`v_recipe_ingredient`,`i_recipe_status`) values (7,'桂枝加厚朴杏仁汤','桂枝 9  芍药9  生姜9  甘草6  大枣4枚  杏仁6   厚朴6',1);
insert  into `tb_recipe`(`i_recipe_id`,`v_recipe_name`,`v_recipe_ingredient`,`i_recipe_status`) values (8,'桂枝甘草汤','桂枝 30 甘草15  （可加茯苓15，龙牡 效果更好）',1);
insert  into `tb_recipe`(`i_recipe_id`,`v_recipe_name`,`v_recipe_ingredient`,`i_recipe_status`) values (9,'桂枝救逆汤','桂枝 9 甘草6 生姜9  大枣4枚 牡蛎 15 龙骨15 蜀漆 9 （为常山嫩枝叶，苦辛温，有毒，祛痰作用）（可加茯苓15）',1);
insert  into `tb_recipe`(`i_recipe_id`,`v_recipe_name`,`v_recipe_ingredient`,`i_recipe_status`) values (10,'桂枝甘草龙骨牡蛎汤','桂枝 12 甘草6 牡蛎15 龙骨15  （可加茯苓15）',1);
insert  into `tb_recipe`(`i_recipe_id`,`v_recipe_name`,`v_recipe_ingredient`,`i_recipe_status`) values (11,'桂枝加龙骨牡蛎汤','桂枝9 芍药9 甘草6 大枣4枚  龙骨15 牡蛎15     （可用于神心症 ，尿闭 ， 遗尿，梦遗失精，慢性前列腺炎） （除桂加白薇12 ， 附子10叫二加龙骨汤）',1);
insert  into `tb_recipe`(`i_recipe_id`,`v_recipe_name`,`v_recipe_ingredient`,`i_recipe_status`) values (12,'桂枝去芍药汤','桂枝 9  甘草6  生姜 9 大枣4枚  （去芍药因无腹满痛）',1);
insert  into `tb_recipe`(`i_recipe_id`,`v_recipe_name`,`v_recipe_ingredient`,`i_recipe_status`) values (13,'小建中汤','桂枝9  甘草 6  大枣4枚  芍药18  生姜9     胶饴 45',1);
insert  into `tb_recipe`(`i_recipe_id`,`v_recipe_name`,`v_recipe_ingredient`,`i_recipe_status`) values (14,'桂枝加芍药生姜人参汤','桂枝9 芍药12 人参9 大枣4枚 生姜12',1);
insert  into `tb_recipe`(`i_recipe_id`,`v_recipe_name`,`v_recipe_ingredient`,`i_recipe_status`) values (15,'桂枝人参汤','桂枝 12  甘草12  白术 9（苍术） 人参 9 干姜 9',1);
insert  into `tb_recipe`(`i_recipe_id`,`v_recipe_name`,`v_recipe_ingredient`,`i_recipe_status`) values (16,'当归四逆汤','当归 9   桂枝9    芍药9    细辛9 甘草6    通草 6 （木通）    大枣8 枚',1);
insert  into `tb_recipe`(`i_recipe_id`,`v_recipe_name`,`v_recipe_ingredient`,`i_recipe_status`) values (17,'当归四逆加吴茱萸生姜汤','当归 9   桂枝9    芍药9    细辛9 甘草6    通草 6 （木通）    大枣8 枚  ， 吴茱萸 30  生姜24',1);
insert  into `tb_recipe`(`i_recipe_id`,`v_recipe_name`,`v_recipe_ingredient`,`i_recipe_status`) values (18,'苓桂术甘汤','茯苓 12 桂枝9  白术 6 （苍术） 甘草 6',1);
insert  into `tb_recipe`(`i_recipe_id`,`v_recipe_name`,`v_recipe_ingredient`,`i_recipe_status`) values (19,'茯桂枣甘汤','茯苓24  桂枝12  甘草6  大枣5枚',1);
insert  into `tb_recipe`(`i_recipe_id`,`v_recipe_name`,`v_recipe_ingredient`,`i_recipe_status`) values (20,'茯苓甘草汤','茯苓 6  桂枝 6  甘草3 生姜9',1);
insert  into `tb_recipe`(`i_recipe_id`,`v_recipe_name`,`v_recipe_ingredient`,`i_recipe_status`) values (21,'茯苓泽泻汤','茯苓 24  泽泻12  甘草6  桂枝6  白术9  生姜12',1);
insert  into `tb_recipe`(`i_recipe_id`,`v_recipe_name`,`v_recipe_ingredient`,`i_recipe_status`) values (22,'苓桂五味甘草汤','茯苓 12 桂枝12 五味子15 甘草9',1);
insert  into `tb_recipe`(`i_recipe_id`,`v_recipe_name`,`v_recipe_ingredient`,`i_recipe_status`) values (23,'五苓散','猪苓 9  泽泻 15  白术9   茯苓9  桂枝6',1);
insert  into `tb_recipe`(`i_recipe_id`,`v_recipe_name`,`v_recipe_ingredient`,`i_recipe_status`) values (24,'防己茯苓汤','防己 9  黄芪9  桂枝 9 茯苓18  甘草6  （慢性肾炎）',1);
insert  into `tb_recipe`(`i_recipe_id`,`v_recipe_name`,`v_recipe_ingredient`,`i_recipe_status`) values (25,'桂枝生姜枳实','桂枝 9 生姜9  枳实15',1);
insert  into `tb_recipe`(`i_recipe_id`,`v_recipe_name`,`v_recipe_ingredient`,`i_recipe_status`) values (26,'桂枝茯苓丸','桂枝 9 茯苓 9 丹皮9 桃仁9  芍药9',1);
insert  into `tb_recipe`(`i_recipe_id`,`v_recipe_name`,`v_recipe_ingredient`,`i_recipe_status`) values (27,'炙甘草汤','炙甘草 12 生姜12 人参6 桂枝 9 生地48  阿胶6 麦门冬15  火麻仁15  大枣4枚  黄酒30ml 对入',1);
insert  into `tb_recipe`(`i_recipe_id`,`v_recipe_name`,`v_recipe_ingredient`,`i_recipe_status`) values (28,'麻黄汤','麻黄 9  桂枝9  甘草 3 杏仁 9',1);
insert  into `tb_recipe`(`i_recipe_id`,`v_recipe_name`,`v_recipe_ingredient`,`i_recipe_status`) values (29,'葛根汤','葛根12 麻黄 9 桂枝9 生姜  芍药 9 甘草6 大枣 4枚',1);
insert  into `tb_recipe`(`i_recipe_id`,`v_recipe_name`,`v_recipe_ingredient`,`i_recipe_status`) values (30,'甘草麻黄汤','甘草 6 麻黄12',1);
insert  into `tb_recipe`(`i_recipe_id`,`v_recipe_name`,`v_recipe_ingredient`,`i_recipe_status`) values (31,'半夏麻黄汤','半夏9 麻黄9',1);
insert  into `tb_recipe`(`i_recipe_id`,`v_recipe_name`,`v_recipe_ingredient`,`i_recipe_status`) values (32,'葛根汤加半夏汤','葛根12 麻黄9 桂枝9 芍药9 生姜6 甘草 6 大枣4枚 半夏15',1);
insert  into `tb_recipe`(`i_recipe_id`,`v_recipe_name`,`v_recipe_ingredient`,`i_recipe_status`) values (33,'麻黄加术汤','麻黄 9  桂枝9  甘草 3 杏仁 9  白术12',1);
insert  into `tb_recipe`(`i_recipe_id`,`v_recipe_name`,`v_recipe_ingredient`,`i_recipe_status`) values (34,'射干麻黄汤','射干12 麻黄12 生姜12  细辛9 紫菀9 冬花 9 五味子 15 大枣4枚 半夏9',1);
insert  into `tb_recipe`(`i_recipe_id`,`v_recipe_name`,`v_recipe_ingredient`,`i_recipe_status`) values (35,'桂枝麻黄各一半汤','桂枝5 芍药 3 生姜3 甘草3 麻黄3 杏仁3 大枣2枚',1);
insert  into `tb_recipe`(`i_recipe_id`,`v_recipe_name`,`v_recipe_ingredient`,`i_recipe_status`) values (36,'桂枝二麻黄一汤','桂枝 6 芍药6 麻黄3 生姜6 杏仁3 甘草4 大枣2枚',1);
insert  into `tb_recipe`(`i_recipe_id`,`v_recipe_name`,`v_recipe_ingredient`,`i_recipe_status`) values (37,'小青龙汤','麻黄 9 桂枝9 芍药 9 细辛9 干姜9 甘草 9  五味子15 半夏15',1);
insert  into `tb_recipe`(`i_recipe_id`,`v_recipe_name`,`v_recipe_ingredient`,`i_recipe_status`) values (38,'防己黄芪汤','防己9  黄芪9 甘草4  白术9 生姜9 大枣3枚',1);
insert  into `tb_recipe`(`i_recipe_id`,`v_recipe_name`,`v_recipe_ingredient`,`i_recipe_status`) values (39,'桂枝去桂加茯苓白术汤','桂枝9 甘草6 生姜 9 茯苓 9 白术9 大枣4枚',1);
insert  into `tb_recipe`(`i_recipe_id`,`v_recipe_name`,`v_recipe_ingredient`,`i_recipe_status`) values (40,'葛根黄芩黄连汤','葛根 24  甘草 6 黄芩9 黄连9',1);
insert  into `tb_recipe`(`i_recipe_id`,`v_recipe_name`,`v_recipe_ingredient`,`i_recipe_status`) values (41,'白虎加桂枝汤','石膏45 -120  知母18  甘草6   粳米  30   桂枝 9',1);
insert  into `tb_recipe`(`i_recipe_id`,`v_recipe_name`,`v_recipe_ingredient`,`i_recipe_status`) values (42,'桂枝加芍药汤','桂枝 9 芍药18 生姜9 大枣4枚 甘草6',1);
insert  into `tb_recipe`(`i_recipe_id`,`v_recipe_name`,`v_recipe_ingredient`,`i_recipe_status`) values (43,'桂枝加大黄汤','桂枝 9 芍药18 生姜9 大枣4枚 甘草6  大黄6',1);
insert  into `tb_recipe`(`i_recipe_id`,`v_recipe_name`,`v_recipe_ingredient`,`i_recipe_status`) values (44,'越脾汤','麻黄18 石膏45 生姜9 甘草 6 大枣6枚',1);
insert  into `tb_recipe`(`i_recipe_id`,`v_recipe_name`,`v_recipe_ingredient`,`i_recipe_status`) values (45,'越脾加术汤','麻黄18 石膏45 生姜9  大枣5枚 甘草6  白术12  （水肿，肾功能不全， 肾炎）',1);
insert  into `tb_recipe`(`i_recipe_id`,`v_recipe_name`,`v_recipe_ingredient`,`i_recipe_status`) values (46,'越脾加半夏汤','麻黄18 石膏45 生姜9  大枣5枚 甘草6 半夏15',1);
insert  into `tb_recipe`(`i_recipe_id`,`v_recipe_name`,`v_recipe_ingredient`,`i_recipe_status`) values (47,'大青龙汤','麻黄18 桂枝6  甘草6 杏仁9 生姜9 大枣4枚 石膏45 - 120',1);
insert  into `tb_recipe`(`i_recipe_id`,`v_recipe_name`,`v_recipe_ingredient`,`i_recipe_status`) values (48,'小青龙加石膏','麻黄9 桂枝9 芍药9 细辛9 干姜9 甘草9 五味子15 半夏15 石膏45',1);
insert  into `tb_recipe`(`i_recipe_id`,`v_recipe_name`,`v_recipe_ingredient`,`i_recipe_status`) values (49,'麻杏石甘汤','麻黄12 杏仁9  甘草6 石膏45',1);
insert  into `tb_recipe`(`i_recipe_id`,`v_recipe_name`,`v_recipe_ingredient`,`i_recipe_status`) values (50,'麻黄杏苡甘汤','麻黄 9 杏仁9 薏苡仁18 甘草6 （可加苍术15）',1);
insert  into `tb_recipe`(`i_recipe_id`,`v_recipe_name`,`v_recipe_ingredient`,`i_recipe_status`) values (51,'麻黄连翘赤小豆汤','麻黄 6 连翘6 杏仁6 赤小豆30 大枣4枚 生姜6 甘草 6 桑白皮 10',1);
insert  into `tb_recipe`(`i_recipe_id`,`v_recipe_name`,`v_recipe_ingredient`,`i_recipe_status`) values (52,'竹叶石膏汤','竹叶10  石膏45 - 90  半夏15  麦门冬30  人参6  甘草6   ，粳米 15',1);
insert  into `tb_recipe`(`i_recipe_id`,`v_recipe_name`,`v_recipe_ingredient`,`i_recipe_status`) values (53,'柴胡加芒硝汤','柴胡24  黄芩 9 人参9 半夏15 甘草 生姜9  大枣9 芒硝 12',1);
insert  into `tb_recipe`(`i_recipe_id`,`v_recipe_name`,`v_recipe_ingredient`,`i_recipe_status`) values (54,'柴胡加龙骨牡蛎','柴胡12    龙骨9   牡蛎 9    黄芩9   生姜 9   人参9   桂枝9   茯苓9  半夏9   大黄 6  大枣 4枚  铅丹 9',1);
insert  into `tb_recipe`(`i_recipe_id`,`v_recipe_name`,`v_recipe_ingredient`,`i_recipe_status`) values (55,'大柴胡汤','柴胡24   黄芩 9  芍药 9 半夏15  生姜 15  枳实9  大枣4枚  大黄 6  （记性胃肠炎， 胆道感染，胆囊炎， 痢疾 ）',1);
insert  into `tb_recipe`(`i_recipe_id`,`v_recipe_name`,`v_recipe_ingredient`,`i_recipe_status`) values (56,'白虎汤','知母18  石膏 45 - 120  甘草6 粳米15  （外感 ，肺炎 ，中暑， 乙型脑炎 ， 淋巴结肿大',1);
insert  into `tb_recipe`(`i_recipe_id`,`v_recipe_name`,`v_recipe_ingredient`,`i_recipe_status`) values (57,'白虎加人参','知母18  石膏 45 - 120  甘草6 粳米15 人参9 （生嗮参，凉性）',1);
insert  into `tb_recipe`(`i_recipe_id`,`v_recipe_name`,`v_recipe_ingredient`,`i_recipe_status`) values (58,'调胃承气汤','大黄 12 甘草6     芒硝12',1);
insert  into `tb_recipe`(`i_recipe_id`,`v_recipe_name`,`v_recipe_ingredient`,`i_recipe_status`) values (59,'小承气汤','大黄12  厚朴9  枳实 6  （如果大便已数日未解，想知道有无燥屎，先可少与小承气汤，汤入腹中不大便，如果只放屁，此有燥屎，可与大承气汤攻之）三承气汤  ：均属阳明病泻药，但调胃承气汤长与治下热，而满 不足，小承气汤长与治满，而下热不足， 大承气汤治下热又除满',1);
insert  into `tb_recipe`(`i_recipe_id`,`v_recipe_name`,`v_recipe_ingredient`,`i_recipe_status`) values (60,'大承气汤','大黄 12 厚朴 24 枳实 9 芒硝18',1);
insert  into `tb_recipe`(`i_recipe_id`,`v_recipe_name`,`v_recipe_ingredient`,`i_recipe_status`) values (61,'麻子仁丸','火麻仁 30  芍药 24  枳实 24 大黄48  厚朴24  杏仁18',1);
insert  into `tb_recipe`(`i_recipe_id`,`v_recipe_name`,`v_recipe_ingredient`,`i_recipe_status`) values (62,'三黄泻心汤','大黄 6  黄连 3  黄芩3',1);
insert  into `tb_recipe`(`i_recipe_id`,`v_recipe_name`,`v_recipe_ingredient`,`i_recipe_status`) values (63,'大黄黄连泻心汤','大黄 6  黄连 3  （记性肠胃炎）',1);
insert  into `tb_recipe`(`i_recipe_id`,`v_recipe_name`,`v_recipe_ingredient`,`i_recipe_status`) values (64,'附子泻心汤','大黄 6 黄连3 黄芩3 附子9',1);
insert  into `tb_recipe`(`i_recipe_id`,`v_recipe_name`,`v_recipe_ingredient`,`i_recipe_status`) values (65,'大黄硝石汤','大黄 12 黄柏12 栀子 9 芒硝 12',1);
insert  into `tb_recipe`(`i_recipe_id`,`v_recipe_name`,`v_recipe_ingredient`,`i_recipe_status`) values (66,'茵陈蒿汤','茵陈 18 栀子 9 大黄 6  （黄疸型肝炎）',1);
insert  into `tb_recipe`(`i_recipe_id`,`v_recipe_name`,`v_recipe_ingredient`,`i_recipe_status`) values (67,'栀子豉汤','栀子 9 豆豉18  （食道裂空疝 ， 肺结核 ，胃病 ， 冠心病  ， 急性心包炎 ， 食道憩室炎 diverticulitis ）',1);
insert  into `tb_recipe`(`i_recipe_id`,`v_recipe_name`,`v_recipe_ingredient`,`i_recipe_status`) values (68,'栀子甘草豉汤','栀子 9 豆豉18  甘草6',1);
insert  into `tb_recipe`(`i_recipe_id`,`v_recipe_name`,`v_recipe_ingredient`,`i_recipe_status`) values (69,'栀子生姜豉汤','栀子 9 豆豉18 生姜15',1);
insert  into `tb_recipe`(`i_recipe_id`,`v_recipe_name`,`v_recipe_ingredient`,`i_recipe_status`) values (70,'枳实栀子豉汤','栀子 9 豆豉18 枳实9',1);
insert  into `tb_recipe`(`i_recipe_id`,`v_recipe_name`,`v_recipe_ingredient`,`i_recipe_status`) values (71,'栀子大黄汤','栀子 9    豆豉18    枳实9  大黄6',1);
insert  into `tb_recipe`(`i_recipe_id`,`v_recipe_name`,`v_recipe_ingredient`,`i_recipe_status`) values (72,'栀子厚朴汤','栀子 9    豆豉18 厚朴 12  枳实9',1);
insert  into `tb_recipe`(`i_recipe_id`,`v_recipe_name`,`v_recipe_ingredient`,`i_recipe_status`) values (73,'黄连阿胶汤','黄连 12 黄芩6 芍药6 阿胶 9 鸡子黄2枚  （虚热心烦， 失血和痢便脓血）',1);
insert  into `tb_recipe`(`i_recipe_id`,`v_recipe_name`,`v_recipe_ingredient`,`i_recipe_status`) values (74,'白头翁汤','白头翁 9  黄连 9 黄柏 9 秦皮 9  （里急后重 加大黄 ， 如果血便赤痢阿胶，甘草）',1);
insert  into `tb_recipe`(`i_recipe_id`,`v_recipe_name`,`v_recipe_ingredient`,`i_recipe_status`) values (75,'白头翁加甘草阿胶汤','白头翁 9  黄连 9 黄柏 9 秦皮 9  甘草 6 阿胶6 （常见于产后或孕妇痢疾便脓血）',1);
insert  into `tb_recipe`(`i_recipe_id`,`v_recipe_name`,`v_recipe_ingredient`,`i_recipe_status`) values (76,'苇茎汤','苇茎 30  薏苡仁18  桃仁9  冬瓜仁 15  （热多加苇茎 ，脓多加薏苡仁） （常用于支气管扩张）',1);
insert  into `tb_recipe`(`i_recipe_id`,`v_recipe_name`,`v_recipe_ingredient`,`i_recipe_status`) values (77,'薏苡附子败酱散','薏苡仁30 附子6  败酱草15',1);
insert  into `tb_recipe`(`i_recipe_id`,`v_recipe_name`,`v_recipe_ingredient`,`i_recipe_status`) values (78,'猪苓汤','猪苓9    茯苓9    泽泻 9    滑石 9 阿胶 9  （汗出不可与此方）可加薏苡仁（前列腺炎 ， 肾盂炎，膀胱炎，淋疾 ，泌尿系感染）',1);
insert  into `tb_recipe`(`i_recipe_id`,`v_recipe_name`,`v_recipe_ingredient`,`i_recipe_status`) values (79,'下瘀血汤','大黄 12   桃仁 9   蛮虫 9',1);
insert  into `tb_recipe`(`i_recipe_id`,`v_recipe_name`,`v_recipe_ingredient`,`i_recipe_status`) values (80,'桃核承气汤','桃仁 9 大黄 12  桂枝 6 甘草6 芒硝6  （合柴胡剂效果更好） （其人如狂，精神病，神经系统疾病有淤血所致）',1);
insert  into `tb_recipe`(`i_recipe_id`,`v_recipe_name`,`v_recipe_ingredient`,`i_recipe_status`) values (81,'大黄牡丹汤','大黄 12 桃仁9  丹皮 3  冬瓜仁 15  芒硝12  （急性阑尾炎）',1);
insert  into `tb_recipe`(`i_recipe_id`,`v_recipe_name`,`v_recipe_ingredient`,`i_recipe_status`) values (82,'抵当汤','水蛭 6  虻虫 6 桃仁 6 大黄9',1);
insert  into `tb_recipe`(`i_recipe_id`,`v_recipe_name`,`v_recipe_ingredient`,`i_recipe_status`) values (83,'大黄蛰虫丸','大黄9 黄芩6 甘草9 桃仁24  杏仁24 芍药12 干地黄30   虻虫 30 水蛭60  蛴螬30   （慢性肝炎， 肝脾肿大）',1);
insert  into `tb_recipe`(`i_recipe_id`,`v_recipe_name`,`v_recipe_ingredient`,`i_recipe_status`) values (84,'大陷胸汤','大黄18  芒硝15  甘遂 3    （急性胸腹膜炎， 胰腺炎， 癌肿）',1);
insert  into `tb_recipe`(`i_recipe_id`,`v_recipe_name`,`v_recipe_ingredient`,`i_recipe_status`) values (85,'大陷胸丸','大黄24  芒硝30    葶苈子18     杏仁 18',1);
insert  into `tb_recipe`(`i_recipe_id`,`v_recipe_name`,`v_recipe_ingredient`,`i_recipe_status`) values (86,'十枣汤','芫花  甘遂  大戟  （肝硬化腹水）',1);
insert  into `tb_recipe`(`i_recipe_id`,`v_recipe_name`,`v_recipe_ingredient`,`i_recipe_status`) values (87,'己椒葶黄丸','防己 6 椒目6 葶苈子6 大黄 6  （治腹水， 胸水 ，肝硬化腹水） 方可与柴胡剂',1);
insert  into `tb_recipe`(`i_recipe_id`,`v_recipe_name`,`v_recipe_ingredient`,`i_recipe_status`) values (88,'小陷胸汤','黄连 6 半夏15 瓜蒌实 45',1);
insert  into `tb_recipe`(`i_recipe_id`,`v_recipe_name`,`v_recipe_ingredient`,`i_recipe_status`) values (89,'葶苈大枣泻肺汤','葶苈子12  大枣12  （胸膜炎 ）',1);
insert  into `tb_recipe`(`i_recipe_id`,`v_recipe_name`,`v_recipe_ingredient`,`i_recipe_status`) values (90,'小柴胡汤','柴胡 24   黄芩9  人参 9  半夏 15   甘草9 生姜9   大枣4枚',1);
insert  into `tb_recipe`(`i_recipe_id`,`v_recipe_name`,`v_recipe_ingredient`,`i_recipe_status`) values (91,'小柴胡去半夏加瓜蒌根汤','柴胡 24   黄芩9  人参 9    甘草9 生姜9   大枣4枚 瓜蒌根 9',1);
insert  into `tb_recipe`(`i_recipe_id`,`v_recipe_name`,`v_recipe_ingredient`,`i_recipe_status`) values (92,'柴胡桂枝汤','柴胡 12  半夏9 黄芩6 人参 6 桂枝6 芍药6 生姜6 大枣3枚',1);
insert  into `tb_recipe`(`i_recipe_id`,`v_recipe_name`,`v_recipe_ingredient`,`i_recipe_status`) values (93,'四逆散','柴胡 9 芍药9  枳实9  甘草9',1);
insert  into `tb_recipe`(`i_recipe_id`,`v_recipe_name`,`v_recipe_ingredient`,`i_recipe_status`) values (94,'黄芩汤','黄芩9  甘草6 芍药 6 大枣4枚',1);
insert  into `tb_recipe`(`i_recipe_id`,`v_recipe_name`,`v_recipe_ingredient`,`i_recipe_status`) values (95,'黄芩加半夏生姜汤','黄芩9  甘草6 芍药 6 大枣4枚 半夏 9 生姜9',1);
insert  into `tb_recipe`(`i_recipe_id`,`v_recipe_name`,`v_recipe_ingredient`,`i_recipe_status`) values (96,'当归散','当归 48  黄芩48 芍药48 川芎48 白术24',1);
insert  into `tb_recipe`(`i_recipe_id`,`v_recipe_name`,`v_recipe_ingredient`,`i_recipe_status`) values (97,'奔豚汤','甘草 6 川芎6 当归 6 半夏 12 黄芩6  葛根15 芍药 6 生姜12 ，李根皮 15',1);
insert  into `tb_recipe`(`i_recipe_id`,`v_recipe_name`,`v_recipe_ingredient`,`i_recipe_status`) values (98,'桔梗汤','桔梗 3 甘草6',1);
insert  into `tb_recipe`(`i_recipe_id`,`v_recipe_name`,`v_recipe_ingredient`,`i_recipe_status`) values (99,'干姜附子汤','干姜 3 附子15',1);
insert  into `tb_recipe`(`i_recipe_id`,`v_recipe_name`,`v_recipe_ingredient`,`i_recipe_status`) values (100,'理中汤','人参 9   炙甘草 9 白术9   干姜9',1);
insert  into `tb_recipe`(`i_recipe_id`,`v_recipe_name`,`v_recipe_ingredient`,`i_recipe_status`) values (101,'四逆汤','炙甘草 9  干姜 6 附子15',1);
insert  into `tb_recipe`(`i_recipe_id`,`v_recipe_name`,`v_recipe_ingredient`,`i_recipe_status`) values (102,'通脉四逆汤','甘草 6 附子12  干姜 12',1);
insert  into `tb_recipe`(`i_recipe_id`,`v_recipe_name`,`v_recipe_ingredient`,`i_recipe_status`) values (103,'四逆加人参汤','甘草9  干姜 6 附子9  人参6',1);
insert  into `tb_recipe`(`i_recipe_id`,`v_recipe_name`,`v_recipe_ingredient`,`i_recipe_status`) values (104,'四逆加人参加茯苓汤','甘草9  干姜 6 附子9  人参6',1);
insert  into `tb_recipe`(`i_recipe_id`,`v_recipe_name`,`v_recipe_ingredient`,`i_recipe_status`) values (105,'附子汤','附子9  茯苓 9 人参6  吧术12  芍药9',1);
insert  into `tb_recipe`(`i_recipe_id`,`v_recipe_name`,`v_recipe_ingredient`,`i_recipe_status`) values (106,'附子粳米汤','附子6 粳米15 半夏12 甘草3 大枣4枚',1);
insert  into `tb_recipe`(`i_recipe_id`,`v_recipe_name`,`v_recipe_ingredient`,`i_recipe_status`) values (107,'乌头赤石脂丸','蜀椒 6  附子3 干姜6 赤石脂6 乌头0.6  （胃， 胆， 胰腺 ， 心等，急性心肌梗死）（虚寒证）',1);
insert  into `tb_recipe`(`i_recipe_id`,`v_recipe_name`,`v_recipe_ingredient`,`i_recipe_status`) values (108,'赤丸方','茯苓12 半夏12 乌头 6 细辛3',1);
insert  into `tb_recipe`(`i_recipe_id`,`v_recipe_name`,`v_recipe_ingredient`,`i_recipe_status`) values (109,'大黄附子汤','大黄9 附子 3 细辛 6  （合芍药甘草汤）（治疗身体一侧痛或某侧痛， 骨质增生，压迫神经）（寒性）',1);
insert  into `tb_recipe`(`i_recipe_id`,`v_recipe_name`,`v_recipe_ingredient`,`i_recipe_status`) values (110,'小半夏汤','半夏 15 生姜24',1);
insert  into `tb_recipe`(`i_recipe_id`,`v_recipe_name`,`v_recipe_ingredient`,`i_recipe_status`) values (111,'小半夏加茯苓汤','半夏 15 生姜24  茯苓9',1);
insert  into `tb_recipe`(`i_recipe_id`,`v_recipe_name`,`v_recipe_ingredient`,`i_recipe_status`) values (112,'大半夏汤','半夏30 人参9 白蜜1 杯 （胃虚）',1);
insert  into `tb_recipe`(`i_recipe_id`,`v_recipe_name`,`v_recipe_ingredient`,`i_recipe_status`) values (113,'半夏厚朴汤','半夏15 厚朴9  茯苓12 生姜15 苏叶6',1);
insert  into `tb_recipe`(`i_recipe_id`,`v_recipe_name`,`v_recipe_ingredient`,`i_recipe_status`) values (114,'厚朴生姜半夏甘草人参汤','厚朴24 生姜24 半夏9 人参3 甘草6',1);
insert  into `tb_recipe`(`i_recipe_id`,`v_recipe_name`,`v_recipe_ingredient`,`i_recipe_status`) values (115,'大建中汤','蜀椒 9 干姜12 人参6  胶饴 45 （吃生冷胃痛加重）（肠道蛔虫）',1);
insert  into `tb_recipe`(`i_recipe_id`,`v_recipe_name`,`v_recipe_ingredient`,`i_recipe_status`) values (116,'半夏干姜散','半夏30  干姜30',1);
insert  into `tb_recipe`(`i_recipe_id`,`v_recipe_name`,`v_recipe_ingredient`,`i_recipe_status`) values (117,'吴茱萸汤','吴茱萸 15 人参9 生姜18 大枣4枚 （美尼尔综合征 ， 偏头痛） （胃脘疼 ，呕而不欲食，若更腹鸣，大便溏频可与半夏泻心加吴茱萸汤（治疗胃炎，胃溃疡），剧痛的青光眼而呕可用吴茱萸汤  （青光眼 ： 视物模糊，左眼失明，自感有物覆于眼上，头痛如裂，呕吐，目涩，心中发热，手足心热，口干不欲饮，苔薄白，脉弦细 ， 吴茱萸合柴胡桂干姜，当归芍药散）',1);
insert  into `tb_recipe`(`i_recipe_id`,`v_recipe_name`,`v_recipe_ingredient`,`i_recipe_status`) values (118,'生姜甘草汤','生姜 5 人参9 甘草 12 大枣5枚',1);
insert  into `tb_recipe`(`i_recipe_id`,`v_recipe_name`,`v_recipe_ingredient`,`i_recipe_status`) values (119,'麦门冬汤','麦门冬90  半夏15 人参6 甘草6 粳米9 大枣4枚',1);
insert  into `tb_recipe`(`i_recipe_id`,`v_recipe_name`,`v_recipe_ingredient`,`i_recipe_status`) values (120,'甘草干姜汤','甘草 12 干姜6',1);
insert  into `tb_recipe`(`i_recipe_id`,`v_recipe_name`,`v_recipe_ingredient`,`i_recipe_status`) values (121,'甘草干姜茯苓白术汤','甘草 12 干姜6  茯苓12  白术6  （腰痛水肿，遗尿）',1);
insert  into `tb_recipe`(`i_recipe_id`,`v_recipe_name`,`v_recipe_ingredient`,`i_recipe_status`) values (122,'旋覆代赭汤','旋覆花9 人参6 生姜15 代赭石12 甘草 9 半夏15 大枣4  （十二指肠溃疡，胃下垂）',1);
insert  into `tb_recipe`(`i_recipe_id`,`v_recipe_name`,`v_recipe_ingredient`,`i_recipe_status`) values (123,'橘皮汤','橘皮 12 生姜24',1);
insert  into `tb_recipe`(`i_recipe_id`,`v_recipe_name`,`v_recipe_ingredient`,`i_recipe_status`) values (124,'橘皮枳实生姜汤','橘皮 48 生姜24  枳实9',1);
insert  into `tb_recipe`(`i_recipe_id`,`v_recipe_name`,`v_recipe_ingredient`,`i_recipe_status`) values (125,'茯苓饮','茯苓15  人参9  枳壳实9  苍术 9  生姜12  陈皮 12',1);
insert  into `tb_recipe`(`i_recipe_id`,`v_recipe_name`,`v_recipe_ingredient`,`i_recipe_status`) values (126,'甘麦大枣汤','甘草 9 浮小麦30 大枣4枚',1);
insert  into `tb_recipe`(`i_recipe_id`,`v_recipe_name`,`v_recipe_ingredient`,`i_recipe_status`) values (127,'枳术汤','枳实20  白术9    （腹部软组织水肿）',1);
insert  into `tb_recipe`(`i_recipe_id`,`v_recipe_name`,`v_recipe_ingredient`,`i_recipe_status`) values (128,'瓜蒌薤白白酒汤','瓜蒌实30 薤白15 白酒7杯',1);
insert  into `tb_recipe`(`i_recipe_id`,`v_recipe_name`,`v_recipe_ingredient`,`i_recipe_status`) values (129,'瓜蒌薤白半夏汤','瓜蒌实30 薤白9 半夏15  白酒 10杯 （冠心病 ， 心绞痛 ， 胸膜炎）',1);
insert  into `tb_recipe`(`i_recipe_id`,`v_recipe_name`,`v_recipe_ingredient`,`i_recipe_status`) values (130,'枳实薤白桂枝汤','枳实12  厚朴12 薤白24 桂枝3 瓜蒌实30  （胸痹胃脘张满）',1);
insert  into `tb_recipe`(`i_recipe_id`,`v_recipe_name`,`v_recipe_ingredient`,`i_recipe_status`) values (131,'泽泻汤','泽泻15 白术6  （动脉硬化， 高血压 ， 内分泌功能失调 ）',1);
insert  into `tb_recipe`(`i_recipe_id`,`v_recipe_name`,`v_recipe_ingredient`,`i_recipe_status`) values (132,'桃花汤','赤石脂 48 干姜3 粳米30',1);
insert  into `tb_recipe`(`i_recipe_id`,`v_recipe_name`,`v_recipe_ingredient`,`i_recipe_status`) values (133,'当归芍药散','当归 9 川芎9 茯苓12 白术12 泽泻 24 芍药48',1);
insert  into `tb_recipe`(`i_recipe_id`,`v_recipe_name`,`v_recipe_ingredient`,`i_recipe_status`) values (134,'温经汤','吴茱萸 10 当归6 川芎6 芍药6 人参6 桂枝6 阿胶6 丹皮6 生姜6 甘草6  半夏15 麦门冬15',1);
insert  into `tb_recipe`(`i_recipe_id`,`v_recipe_name`,`v_recipe_ingredient`,`i_recipe_status`) values (135,'胶艾汤','阿胶6 川芎 6 甘草 6 艾叶 9 当归 9 芍药12 干地黄9  （如果发热可用石膏）（手术后出血）',1);
insert  into `tb_recipe`(`i_recipe_id`,`v_recipe_name`,`v_recipe_ingredient`,`i_recipe_status`) values (136,'当归生姜羊肉汤','当归 6 生姜15 羊肉 48',1);
insert  into `tb_recipe`(`i_recipe_id`,`v_recipe_name`,`v_recipe_ingredient`,`i_recipe_status`) values (137,'芍药甘草汤','芍药12 甘草12  （前阴抽痛）',1);
insert  into `tb_recipe`(`i_recipe_id`,`v_recipe_name`,`v_recipe_ingredient`,`i_recipe_status`) values (138,'芍药甘草附子汤','芍药12 甘草12  附子9',1);
insert  into `tb_recipe`(`i_recipe_id`,`v_recipe_name`,`v_recipe_ingredient`,`i_recipe_status`) values (139,'酸枣仁汤','酸枣仁9 甘草6 知母6 茯苓6 川芎6',1);
insert  into `tb_recipe`(`i_recipe_id`,`v_recipe_name`,`v_recipe_ingredient`,`i_recipe_status`) values (140,'麻黄附子甘草汤','麻黄9  附子9  炙甘草6 （可用滤泡增生）',1);
insert  into `tb_recipe`(`i_recipe_id`,`v_recipe_name`,`v_recipe_ingredient`,`i_recipe_status`) values (141,'白通汤','葱白 4 茎  干姜3 附子9',1);
insert  into `tb_recipe`(`i_recipe_id`,`v_recipe_name`,`v_recipe_ingredient`,`i_recipe_status`) values (142,'麻黄附子细辛汤','麻黄9   附子9   细辛6  （急慢性气管炎 ，关节炎 ，哮喘）',1);
insert  into `tb_recipe`(`i_recipe_id`,`v_recipe_name`,`v_recipe_ingredient`,`i_recipe_status`) values (143,'桂枝去芍药加麻黄附子细辛汤','桂枝 9 生姜9 甘草6 大枣4 枚 麻黄6 细辛6 附子9',1);
insert  into `tb_recipe`(`i_recipe_id`,`v_recipe_name`,`v_recipe_ingredient`,`i_recipe_status`) values (144,'桂枝芍药知母汤','桂枝 12 芍药 9 甘草6 麻黄6 生姜15 白术15 知母 12 防风12 附子9  （合桂枝茯苓丸可治下肢肿的脉管炎）（足跟骨质增生引起痛）（慢性关节炎下肢或腕指关节肿痛）',1);
insert  into `tb_recipe`(`i_recipe_id`,`v_recipe_name`,`v_recipe_ingredient`,`i_recipe_status`) values (145,'桂枝加附子汤','桂枝 9  芍药9 甘草 9 生姜9 大枣4枚 附子9',1);
insert  into `tb_recipe`(`i_recipe_id`,`v_recipe_name`,`v_recipe_ingredient`,`i_recipe_status`) values (146,'乌头汤','麻黄 9 芍药 9 黄芪9 甘草9 川乌 9',1);
insert  into `tb_recipe`(`i_recipe_id`,`v_recipe_name`,`v_recipe_ingredient`,`i_recipe_status`) values (147,'桂枝去芍药加附子汤','桂枝9  生姜9  大枣4枚  甘草6  附子9',1);
insert  into `tb_recipe`(`i_recipe_id`,`v_recipe_name`,`v_recipe_ingredient`,`i_recipe_status`) values (148,'桂枝附子去桂加白术汤','附子30 生姜9  大枣4枚 炙甘草6 白术12',1);
insert  into `tb_recipe`(`i_recipe_id`,`v_recipe_name`,`v_recipe_ingredient`,`i_recipe_status`) values (149,'甘草附子汤','甘草 9   附子9   白术9   桂枝12        （风湿 ，类风湿 ， 强直性脊柱炎 ，关节炎 ，骨质疏松）',1);
insert  into `tb_recipe`(`i_recipe_id`,`v_recipe_name`,`v_recipe_ingredient`,`i_recipe_status`) values (150,'真武汤','茯苓9    芍药9    生姜9    白术9    附子 9',1);
insert  into `tb_recipe`(`i_recipe_id`,`v_recipe_name`,`v_recipe_ingredient`,`i_recipe_status`) values (151,'乌梅丸','乌梅15 细辛 6 干姜9 黄连 6 当归9 附子9 川椒 9 桂枝9 人参9 黄柏9  （胆囊炎 ， 胆道蛔虫 ，慢性肠炎）',1);
insert  into `tb_recipe`(`i_recipe_id`,`v_recipe_name`,`v_recipe_ingredient`,`i_recipe_status`) values (152,'柴胡桂枝干姜汤','柴胡15 桂枝9 干姜9 瓜蒌根12 黄芩9 牡蛎 6 甘草6  （慢性病不能愈 ，食欲不振 ，上热下寒）（慢性肝炎）',1);
insert  into `tb_recipe`(`i_recipe_id`,`v_recipe_name`,`v_recipe_ingredient`,`i_recipe_status`) values (153,'黄连汤','黄连9 甘草6 干姜9 桂枝9 人参6 半夏15 大枣4枚',1);
insert  into `tb_recipe`(`i_recipe_id`,`v_recipe_name`,`v_recipe_ingredient`,`i_recipe_status`) values (154,'干姜黄连黄芩人参汤','干姜9 黄连9 黄芩9 人参9',1);
insert  into `tb_recipe`(`i_recipe_id`,`v_recipe_name`,`v_recipe_ingredient`,`i_recipe_status`) values (155,'半夏泻心汤','半夏15 黄芩9 干姜9 人参9 黄连3 大枣4枚 甘草6  （舌溃疡 可用甘草泻心汤 ： 就是半夏泻心汤增加甘草量）',1);
insert  into `tb_recipe`(`i_recipe_id`,`v_recipe_name`,`v_recipe_ingredient`,`i_recipe_status`) values (156,'生姜泻心汤','生姜 12 甘草9 人参9 干姜9 黄芩9 半夏15 黄连3 大枣4枚',1);
insert  into `tb_recipe`(`i_recipe_id`,`v_recipe_name`,`v_recipe_ingredient`,`i_recipe_status`) values (157,'六物黄芩汤','黄芩9 人参9 干姜9 大枣4枚 桂枝3',1);
insert  into `tb_recipe`(`i_recipe_id`,`v_recipe_name`,`v_recipe_ingredient`,`i_recipe_status`) values (158,'黄土汤','甘草9    干地黄 9   白术 9   附子9  阿胶 9    黄芩9        灶中黄土24',1);

/*Table structure for table `tb_recipe_sympton` */

DROP TABLE IF EXISTS `tb_recipe_sympton`;

CREATE TABLE `tb_recipe_sympton` (
  `i_recsymp_id` int(8) NOT NULL AUTO_INCREMENT,
  `i_recipe_id` int(8) DEFAULT NULL,
  `i_symp_id` int(8) DEFAULT NULL,
  `v_recsymp_observation` varchar(400) COLLATE utf8_unicode_ci DEFAULT NULL,
  `i_recsymp_special` int(1) DEFAULT NULL,
  `i_recsymp_status` int(1) DEFAULT NULL,
  PRIMARY KEY (`i_recsymp_id`),
  KEY `fk_recipe` (`i_recipe_id`),
  KEY `fk_sympton` (`i_symp_id`),
  CONSTRAINT `fk_recipe` FOREIGN KEY (`i_recipe_id`) REFERENCES `tb_recipe` (`i_recipe_id`),
  CONSTRAINT `fk_sympton` FOREIGN KEY (`i_symp_id`) REFERENCES `tb_sympton` (`i_symp_id`)
) ENGINE=InnoDB AUTO_INCREMENT=1019 DEFAULT CHARSET=utf8 COLLATE=utf8_unicode_ci;

/*Data for the table `tb_recipe_sympton` */

insert  into `tb_recipe_sympton`(`i_recsymp_id`,`i_recipe_id`,`i_symp_id`,`v_recsymp_observation`,`i_recsymp_special`,`i_recsymp_status`) values (1,1,1,NULL,NULL,1);
insert  into `tb_recipe_sympton`(`i_recsymp_id`,`i_recipe_id`,`i_symp_id`,`v_recsymp_observation`,`i_recsymp_special`,`i_recsymp_status`) values (2,1,2,NULL,NULL,1);
insert  into `tb_recipe_sympton`(`i_recsymp_id`,`i_recipe_id`,`i_symp_id`,`v_recsymp_observation`,`i_recsymp_special`,`i_recsymp_status`) values (3,1,3,NULL,NULL,1);
insert  into `tb_recipe_sympton`(`i_recsymp_id`,`i_recipe_id`,`i_symp_id`,`v_recsymp_observation`,`i_recsymp_special`,`i_recsymp_status`) values (4,1,4,NULL,NULL,1);
insert  into `tb_recipe_sympton`(`i_recsymp_id`,`i_recipe_id`,`i_symp_id`,`v_recsymp_observation`,`i_recsymp_special`,`i_recsymp_status`) values (5,1,5,NULL,NULL,1);
insert  into `tb_recipe_sympton`(`i_recsymp_id`,`i_recipe_id`,`i_symp_id`,`v_recsymp_observation`,`i_recsymp_special`,`i_recsymp_status`) values (6,1,6,NULL,NULL,1);
insert  into `tb_recipe_sympton`(`i_recsymp_id`,`i_recipe_id`,`i_symp_id`,`v_recsymp_observation`,`i_recsymp_special`,`i_recsymp_status`) values (7,1,7,NULL,NULL,1);
insert  into `tb_recipe_sympton`(`i_recsymp_id`,`i_recipe_id`,`i_symp_id`,`v_recsymp_observation`,`i_recsymp_special`,`i_recsymp_status`) values (8,1,8,'（服用过麻黄汤）或下之 （服用过泻药）',NULL,1);
insert  into `tb_recipe_sympton`(`i_recsymp_id`,`i_recipe_id`,`i_symp_id`,`v_recsymp_observation`,`i_recsymp_special`,`i_recsymp_status`) values (9,2,1,NULL,NULL,1);
insert  into `tb_recipe_sympton`(`i_recsymp_id`,`i_recipe_id`,`i_symp_id`,`v_recsymp_observation`,`i_recsymp_special`,`i_recsymp_status`) values (10,2,2,NULL,NULL,1);
insert  into `tb_recipe_sympton`(`i_recsymp_id`,`i_recipe_id`,`i_symp_id`,`v_recsymp_observation`,`i_recsymp_special`,`i_recsymp_status`) values (11,2,3,NULL,NULL,1);
insert  into `tb_recipe_sympton`(`i_recsymp_id`,`i_recipe_id`,`i_symp_id`,`v_recsymp_observation`,`i_recsymp_special`,`i_recsymp_status`) values (12,2,4,NULL,NULL,1);
insert  into `tb_recipe_sympton`(`i_recsymp_id`,`i_recipe_id`,`i_symp_id`,`v_recsymp_observation`,`i_recsymp_special`,`i_recsymp_status`) values (13,2,5,NULL,NULL,1);
insert  into `tb_recipe_sympton`(`i_recsymp_id`,`i_recipe_id`,`i_symp_id`,`v_recsymp_observation`,`i_recsymp_special`,`i_recsymp_status`) values (14,2,6,NULL,NULL,1);
insert  into `tb_recipe_sympton`(`i_recsymp_id`,`i_recipe_id`,`i_symp_id`,`v_recsymp_observation`,`i_recsymp_special`,`i_recsymp_status`) values (15,2,7,NULL,NULL,1);
insert  into `tb_recipe_sympton`(`i_recsymp_id`,`i_recipe_id`,`i_symp_id`,`v_recsymp_observation`,`i_recsymp_special`,`i_recsymp_status`) values (16,2,8,'（服用过麻黄汤）或下之 （服用过泻药）',0,1);
insert  into `tb_recipe_sympton`(`i_recsymp_id`,`i_recipe_id`,`i_symp_id`,`v_recsymp_observation`,`i_recsymp_special`,`i_recsymp_status`) values (17,2,9,'',1,1);
insert  into `tb_recipe_sympton`(`i_recsymp_id`,`i_recipe_id`,`i_symp_id`,`v_recsymp_observation`,`i_recsymp_special`,`i_recsymp_status`) values (18,3,1,NULL,NULL,1);
insert  into `tb_recipe_sympton`(`i_recsymp_id`,`i_recipe_id`,`i_symp_id`,`v_recsymp_observation`,`i_recsymp_special`,`i_recsymp_status`) values (19,3,2,NULL,NULL,1);
insert  into `tb_recipe_sympton`(`i_recsymp_id`,`i_recipe_id`,`i_symp_id`,`v_recsymp_observation`,`i_recsymp_special`,`i_recsymp_status`) values (20,3,3,NULL,NULL,1);
insert  into `tb_recipe_sympton`(`i_recsymp_id`,`i_recipe_id`,`i_symp_id`,`v_recsymp_observation`,`i_recsymp_special`,`i_recsymp_status`) values (21,3,4,NULL,NULL,1);
insert  into `tb_recipe_sympton`(`i_recsymp_id`,`i_recipe_id`,`i_symp_id`,`v_recsymp_observation`,`i_recsymp_special`,`i_recsymp_status`) values (22,3,5,NULL,NULL,1);
insert  into `tb_recipe_sympton`(`i_recsymp_id`,`i_recipe_id`,`i_symp_id`,`v_recsymp_observation`,`i_recsymp_special`,`i_recsymp_status`) values (23,3,6,NULL,NULL,1);
insert  into `tb_recipe_sympton`(`i_recsymp_id`,`i_recipe_id`,`i_symp_id`,`v_recsymp_observation`,`i_recsymp_special`,`i_recsymp_status`) values (24,3,7,NULL,NULL,1);
insert  into `tb_recipe_sympton`(`i_recsymp_id`,`i_recipe_id`,`i_symp_id`,`v_recsymp_observation`,`i_recsymp_special`,`i_recsymp_status`) values (25,3,8,'（服用过麻黄汤）或下之 （服用过泻药）',NULL,1);
insert  into `tb_recipe_sympton`(`i_recsymp_id`,`i_recipe_id`,`i_symp_id`,`v_recsymp_observation`,`i_recsymp_special`,`i_recsymp_status`) values (26,3,10,'',1,1);
insert  into `tb_recipe_sympton`(`i_recsymp_id`,`i_recipe_id`,`i_symp_id`,`v_recsymp_observation`,`i_recsymp_special`,`i_recsymp_status`) values (27,4,1,NULL,NULL,1);
insert  into `tb_recipe_sympton`(`i_recsymp_id`,`i_recipe_id`,`i_symp_id`,`v_recsymp_observation`,`i_recsymp_special`,`i_recsymp_status`) values (28,4,2,NULL,NULL,1);
insert  into `tb_recipe_sympton`(`i_recsymp_id`,`i_recipe_id`,`i_symp_id`,`v_recsymp_observation`,`i_recsymp_special`,`i_recsymp_status`) values (29,4,3,NULL,NULL,1);
insert  into `tb_recipe_sympton`(`i_recsymp_id`,`i_recipe_id`,`i_symp_id`,`v_recsymp_observation`,`i_recsymp_special`,`i_recsymp_status`) values (30,4,4,NULL,NULL,1);
insert  into `tb_recipe_sympton`(`i_recsymp_id`,`i_recipe_id`,`i_symp_id`,`v_recsymp_observation`,`i_recsymp_special`,`i_recsymp_status`) values (31,4,5,NULL,NULL,1);
insert  into `tb_recipe_sympton`(`i_recsymp_id`,`i_recipe_id`,`i_symp_id`,`v_recsymp_observation`,`i_recsymp_special`,`i_recsymp_status`) values (32,4,6,NULL,NULL,1);
insert  into `tb_recipe_sympton`(`i_recsymp_id`,`i_recipe_id`,`i_symp_id`,`v_recsymp_observation`,`i_recsymp_special`,`i_recsymp_status`) values (33,4,7,NULL,NULL,1);
insert  into `tb_recipe_sympton`(`i_recsymp_id`,`i_recipe_id`,`i_symp_id`,`v_recsymp_observation`,`i_recsymp_special`,`i_recsymp_status`) values (34,4,8,'（服用过麻黄汤）或下之 （服用过泻药）',NULL,1);
insert  into `tb_recipe_sympton`(`i_recsymp_id`,`i_recipe_id`,`i_symp_id`,`v_recsymp_observation`,`i_recsymp_special`,`i_recsymp_status`) values (35,4,11,'',1,1);
insert  into `tb_recipe_sympton`(`i_recsymp_id`,`i_recipe_id`,`i_symp_id`,`v_recsymp_observation`,`i_recsymp_special`,`i_recsymp_status`) values (36,5,1,NULL,NULL,1);
insert  into `tb_recipe_sympton`(`i_recsymp_id`,`i_recipe_id`,`i_symp_id`,`v_recsymp_observation`,`i_recsymp_special`,`i_recsymp_status`) values (37,5,2,NULL,NULL,1);
insert  into `tb_recipe_sympton`(`i_recsymp_id`,`i_recipe_id`,`i_symp_id`,`v_recsymp_observation`,`i_recsymp_special`,`i_recsymp_status`) values (38,5,3,NULL,NULL,1);
insert  into `tb_recipe_sympton`(`i_recsymp_id`,`i_recipe_id`,`i_symp_id`,`v_recsymp_observation`,`i_recsymp_special`,`i_recsymp_status`) values (39,5,4,NULL,NULL,1);
insert  into `tb_recipe_sympton`(`i_recsymp_id`,`i_recipe_id`,`i_symp_id`,`v_recsymp_observation`,`i_recsymp_special`,`i_recsymp_status`) values (40,5,5,NULL,NULL,1);
insert  into `tb_recipe_sympton`(`i_recsymp_id`,`i_recipe_id`,`i_symp_id`,`v_recsymp_observation`,`i_recsymp_special`,`i_recsymp_status`) values (41,5,6,NULL,NULL,1);
insert  into `tb_recipe_sympton`(`i_recsymp_id`,`i_recipe_id`,`i_symp_id`,`v_recsymp_observation`,`i_recsymp_special`,`i_recsymp_status`) values (42,5,7,NULL,NULL,1);
insert  into `tb_recipe_sympton`(`i_recsymp_id`,`i_recipe_id`,`i_symp_id`,`v_recsymp_observation`,`i_recsymp_special`,`i_recsymp_status`) values (43,5,8,'（服用过麻黄汤）或下之 （服用过泻药）',NULL,1);
insert  into `tb_recipe_sympton`(`i_recsymp_id`,`i_recipe_id`,`i_symp_id`,`v_recsymp_observation`,`i_recsymp_special`,`i_recsymp_status`) values (44,5,12,'',1,1);
insert  into `tb_recipe_sympton`(`i_recsymp_id`,`i_recipe_id`,`i_symp_id`,`v_recsymp_observation`,`i_recsymp_special`,`i_recsymp_status`) values (45,5,13,'',1,1);
insert  into `tb_recipe_sympton`(`i_recsymp_id`,`i_recipe_id`,`i_symp_id`,`v_recsymp_observation`,`i_recsymp_special`,`i_recsymp_status`) values (46,6,13,NULL,NULL,1);
insert  into `tb_recipe_sympton`(`i_recsymp_id`,`i_recipe_id`,`i_symp_id`,`v_recsymp_observation`,`i_recsymp_special`,`i_recsymp_status`) values (47,6,1,NULL,NULL,1);
insert  into `tb_recipe_sympton`(`i_recsymp_id`,`i_recipe_id`,`i_symp_id`,`v_recsymp_observation`,`i_recsymp_special`,`i_recsymp_status`) values (48,6,14,NULL,NULL,1);
insert  into `tb_recipe_sympton`(`i_recsymp_id`,`i_recipe_id`,`i_symp_id`,`v_recsymp_observation`,`i_recsymp_special`,`i_recsymp_status`) values (49,6,15,NULL,NULL,1);
insert  into `tb_recipe_sympton`(`i_recsymp_id`,`i_recipe_id`,`i_symp_id`,`v_recsymp_observation`,`i_recsymp_special`,`i_recsymp_status`) values (50,7,1,NULL,NULL,1);
insert  into `tb_recipe_sympton`(`i_recsymp_id`,`i_recipe_id`,`i_symp_id`,`v_recsymp_observation`,`i_recsymp_special`,`i_recsymp_status`) values (51,7,2,NULL,NULL,1);
insert  into `tb_recipe_sympton`(`i_recsymp_id`,`i_recipe_id`,`i_symp_id`,`v_recsymp_observation`,`i_recsymp_special`,`i_recsymp_status`) values (52,7,3,NULL,NULL,1);
insert  into `tb_recipe_sympton`(`i_recsymp_id`,`i_recipe_id`,`i_symp_id`,`v_recsymp_observation`,`i_recsymp_special`,`i_recsymp_status`) values (53,7,4,NULL,NULL,1);
insert  into `tb_recipe_sympton`(`i_recsymp_id`,`i_recipe_id`,`i_symp_id`,`v_recsymp_observation`,`i_recsymp_special`,`i_recsymp_status`) values (54,7,5,NULL,NULL,1);
insert  into `tb_recipe_sympton`(`i_recsymp_id`,`i_recipe_id`,`i_symp_id`,`v_recsymp_observation`,`i_recsymp_special`,`i_recsymp_status`) values (55,7,6,NULL,NULL,1);
insert  into `tb_recipe_sympton`(`i_recsymp_id`,`i_recipe_id`,`i_symp_id`,`v_recsymp_observation`,`i_recsymp_special`,`i_recsymp_status`) values (56,7,7,NULL,NULL,1);
insert  into `tb_recipe_sympton`(`i_recsymp_id`,`i_recipe_id`,`i_symp_id`,`v_recsymp_observation`,`i_recsymp_special`,`i_recsymp_status`) values (57,7,8,'（服用过麻黄汤）或下之 （服用过泻药）',NULL,1);
insert  into `tb_recipe_sympton`(`i_recsymp_id`,`i_recipe_id`,`i_symp_id`,`v_recsymp_observation`,`i_recsymp_special`,`i_recsymp_status`) values (58,7,16,'',1,1);
insert  into `tb_recipe_sympton`(`i_recsymp_id`,`i_recipe_id`,`i_symp_id`,`v_recsymp_observation`,`i_recsymp_special`,`i_recsymp_status`) values (59,7,17,'',1,1);
insert  into `tb_recipe_sympton`(`i_recsymp_id`,`i_recipe_id`,`i_symp_id`,`v_recsymp_observation`,`i_recsymp_special`,`i_recsymp_status`) values (60,8,18,NULL,NULL,1);
insert  into `tb_recipe_sympton`(`i_recsymp_id`,`i_recipe_id`,`i_symp_id`,`v_recsymp_observation`,`i_recsymp_special`,`i_recsymp_status`) values (61,8,9,NULL,NULL,1);
insert  into `tb_recipe_sympton`(`i_recsymp_id`,`i_recipe_id`,`i_symp_id`,`v_recsymp_observation`,`i_recsymp_special`,`i_recsymp_status`) values (62,8,19,NULL,NULL,1);
insert  into `tb_recipe_sympton`(`i_recsymp_id`,`i_recipe_id`,`i_symp_id`,`v_recsymp_observation`,`i_recsymp_special`,`i_recsymp_status`) values (63,8,20,NULL,NULL,1);
insert  into `tb_recipe_sympton`(`i_recsymp_id`,`i_recipe_id`,`i_symp_id`,`v_recsymp_observation`,`i_recsymp_special`,`i_recsymp_status`) values (64,8,22,NULL,NULL,1);
insert  into `tb_recipe_sympton`(`i_recsymp_id`,`i_recipe_id`,`i_symp_id`,`v_recsymp_observation`,`i_recsymp_special`,`i_recsymp_status`) values (65,9,1,NULL,NULL,1);
insert  into `tb_recipe_sympton`(`i_recsymp_id`,`i_recipe_id`,`i_symp_id`,`v_recsymp_observation`,`i_recsymp_special`,`i_recsymp_status`) values (66,9,2,NULL,NULL,1);
insert  into `tb_recipe_sympton`(`i_recsymp_id`,`i_recipe_id`,`i_symp_id`,`v_recsymp_observation`,`i_recsymp_special`,`i_recsymp_status`) values (67,9,18,NULL,NULL,1);
insert  into `tb_recipe_sympton`(`i_recsymp_id`,`i_recipe_id`,`i_symp_id`,`v_recsymp_observation`,`i_recsymp_special`,`i_recsymp_status`) values (68,9,20,NULL,NULL,1);
insert  into `tb_recipe_sympton`(`i_recsymp_id`,`i_recipe_id`,`i_symp_id`,`v_recsymp_observation`,`i_recsymp_special`,`i_recsymp_status`) values (69,9,22,NULL,NULL,1);
insert  into `tb_recipe_sympton`(`i_recsymp_id`,`i_recipe_id`,`i_symp_id`,`v_recsymp_observation`,`i_recsymp_special`,`i_recsymp_status`) values (70,9,23,NULL,NULL,1);
insert  into `tb_recipe_sympton`(`i_recsymp_id`,`i_recipe_id`,`i_symp_id`,`v_recsymp_observation`,`i_recsymp_special`,`i_recsymp_status`) values (71,10,1,NULL,NULL,1);
insert  into `tb_recipe_sympton`(`i_recsymp_id`,`i_recipe_id`,`i_symp_id`,`v_recsymp_observation`,`i_recsymp_special`,`i_recsymp_status`) values (72,10,2,NULL,NULL,1);
insert  into `tb_recipe_sympton`(`i_recsymp_id`,`i_recipe_id`,`i_symp_id`,`v_recsymp_observation`,`i_recsymp_special`,`i_recsymp_status`) values (73,10,18,NULL,NULL,1);
insert  into `tb_recipe_sympton`(`i_recsymp_id`,`i_recipe_id`,`i_symp_id`,`v_recsymp_observation`,`i_recsymp_special`,`i_recsymp_status`) values (74,10,24,NULL,NULL,1);
insert  into `tb_recipe_sympton`(`i_recsymp_id`,`i_recipe_id`,`i_symp_id`,`v_recsymp_observation`,`i_recsymp_special`,`i_recsymp_status`) values (75,10,25,NULL,NULL,1);
insert  into `tb_recipe_sympton`(`i_recsymp_id`,`i_recipe_id`,`i_symp_id`,`v_recsymp_observation`,`i_recsymp_special`,`i_recsymp_status`) values (76,10,20,NULL,NULL,1);
insert  into `tb_recipe_sympton`(`i_recsymp_id`,`i_recipe_id`,`i_symp_id`,`v_recsymp_observation`,`i_recsymp_special`,`i_recsymp_status`) values (77,10,22,NULL,NULL,1);
insert  into `tb_recipe_sympton`(`i_recsymp_id`,`i_recipe_id`,`i_symp_id`,`v_recsymp_observation`,`i_recsymp_special`,`i_recsymp_status`) values (78,11,1,NULL,NULL,1);
insert  into `tb_recipe_sympton`(`i_recsymp_id`,`i_recipe_id`,`i_symp_id`,`v_recsymp_observation`,`i_recsymp_special`,`i_recsymp_status`) values (79,11,2,NULL,NULL,1);
insert  into `tb_recipe_sympton`(`i_recsymp_id`,`i_recipe_id`,`i_symp_id`,`v_recsymp_observation`,`i_recsymp_special`,`i_recsymp_status`) values (80,11,3,NULL,NULL,1);
insert  into `tb_recipe_sympton`(`i_recsymp_id`,`i_recipe_id`,`i_symp_id`,`v_recsymp_observation`,`i_recsymp_special`,`i_recsymp_status`) values (81,11,4,NULL,NULL,1);
insert  into `tb_recipe_sympton`(`i_recsymp_id`,`i_recipe_id`,`i_symp_id`,`v_recsymp_observation`,`i_recsymp_special`,`i_recsymp_status`) values (82,11,5,NULL,NULL,1);
insert  into `tb_recipe_sympton`(`i_recsymp_id`,`i_recipe_id`,`i_symp_id`,`v_recsymp_observation`,`i_recsymp_special`,`i_recsymp_status`) values (83,11,6,NULL,NULL,1);
insert  into `tb_recipe_sympton`(`i_recsymp_id`,`i_recipe_id`,`i_symp_id`,`v_recsymp_observation`,`i_recsymp_special`,`i_recsymp_status`) values (84,11,7,NULL,NULL,1);
insert  into `tb_recipe_sympton`(`i_recsymp_id`,`i_recipe_id`,`i_symp_id`,`v_recsymp_observation`,`i_recsymp_special`,`i_recsymp_status`) values (85,11,8,'（服用过麻黄汤）或下之 （服用过泻药）',NULL,1);
insert  into `tb_recipe_sympton`(`i_recsymp_id`,`i_recipe_id`,`i_symp_id`,`v_recsymp_observation`,`i_recsymp_special`,`i_recsymp_status`) values (86,11,22,NULL,NULL,1);
insert  into `tb_recipe_sympton`(`i_recsymp_id`,`i_recipe_id`,`i_symp_id`,`v_recsymp_observation`,`i_recsymp_special`,`i_recsymp_status`) values (87,11,18,NULL,NULL,1);
insert  into `tb_recipe_sympton`(`i_recsymp_id`,`i_recipe_id`,`i_symp_id`,`v_recsymp_observation`,`i_recsymp_special`,`i_recsymp_status`) values (88,12,1,NULL,NULL,1);
insert  into `tb_recipe_sympton`(`i_recsymp_id`,`i_recipe_id`,`i_symp_id`,`v_recsymp_observation`,`i_recsymp_special`,`i_recsymp_status`) values (89,12,2,NULL,NULL,1);
insert  into `tb_recipe_sympton`(`i_recsymp_id`,`i_recipe_id`,`i_symp_id`,`v_recsymp_observation`,`i_recsymp_special`,`i_recsymp_status`) values (90,12,3,NULL,NULL,1);
insert  into `tb_recipe_sympton`(`i_recsymp_id`,`i_recipe_id`,`i_symp_id`,`v_recsymp_observation`,`i_recsymp_special`,`i_recsymp_status`) values (91,12,4,NULL,NULL,1);
insert  into `tb_recipe_sympton`(`i_recsymp_id`,`i_recipe_id`,`i_symp_id`,`v_recsymp_observation`,`i_recsymp_special`,`i_recsymp_status`) values (92,12,5,NULL,NULL,1);
insert  into `tb_recipe_sympton`(`i_recsymp_id`,`i_recipe_id`,`i_symp_id`,`v_recsymp_observation`,`i_recsymp_special`,`i_recsymp_status`) values (93,12,6,NULL,NULL,1);
insert  into `tb_recipe_sympton`(`i_recsymp_id`,`i_recipe_id`,`i_symp_id`,`v_recsymp_observation`,`i_recsymp_special`,`i_recsymp_status`) values (94,12,7,NULL,NULL,1);
insert  into `tb_recipe_sympton`(`i_recsymp_id`,`i_recipe_id`,`i_symp_id`,`v_recsymp_observation`,`i_recsymp_special`,`i_recsymp_status`) values (95,12,8,'（服用过麻黄汤）或下之 （服用过泻药）',NULL,1);
insert  into `tb_recipe_sympton`(`i_recsymp_id`,`i_recipe_id`,`i_symp_id`,`v_recsymp_observation`,`i_recsymp_special`,`i_recsymp_status`) values (96,12,26,'',1,1);
insert  into `tb_recipe_sympton`(`i_recsymp_id`,`i_recipe_id`,`i_symp_id`,`v_recsymp_observation`,`i_recsymp_special`,`i_recsymp_status`) values (97,13,1,NULL,NULL,1);
insert  into `tb_recipe_sympton`(`i_recsymp_id`,`i_recipe_id`,`i_symp_id`,`v_recsymp_observation`,`i_recsymp_special`,`i_recsymp_status`) values (98,13,2,NULL,NULL,1);
insert  into `tb_recipe_sympton`(`i_recsymp_id`,`i_recipe_id`,`i_symp_id`,`v_recsymp_observation`,`i_recsymp_special`,`i_recsymp_status`) values (99,13,3,NULL,NULL,1);
insert  into `tb_recipe_sympton`(`i_recsymp_id`,`i_recipe_id`,`i_symp_id`,`v_recsymp_observation`,`i_recsymp_special`,`i_recsymp_status`) values (100,13,4,NULL,NULL,1);
insert  into `tb_recipe_sympton`(`i_recsymp_id`,`i_recipe_id`,`i_symp_id`,`v_recsymp_observation`,`i_recsymp_special`,`i_recsymp_status`) values (101,13,5,NULL,NULL,1);
insert  into `tb_recipe_sympton`(`i_recsymp_id`,`i_recipe_id`,`i_symp_id`,`v_recsymp_observation`,`i_recsymp_special`,`i_recsymp_status`) values (102,13,6,NULL,NULL,1);
insert  into `tb_recipe_sympton`(`i_recsymp_id`,`i_recipe_id`,`i_symp_id`,`v_recsymp_observation`,`i_recsymp_special`,`i_recsymp_status`) values (103,13,7,NULL,NULL,1);
insert  into `tb_recipe_sympton`(`i_recsymp_id`,`i_recipe_id`,`i_symp_id`,`v_recsymp_observation`,`i_recsymp_special`,`i_recsymp_status`) values (104,13,8,'（服用过麻黄汤）或下之 （服用过泻药）',NULL,1);
insert  into `tb_recipe_sympton`(`i_recsymp_id`,`i_recipe_id`,`i_symp_id`,`v_recsymp_observation`,`i_recsymp_special`,`i_recsymp_status`) values (105,13,27,'',1,1);
insert  into `tb_recipe_sympton`(`i_recsymp_id`,`i_recipe_id`,`i_symp_id`,`v_recsymp_observation`,`i_recsymp_special`,`i_recsymp_status`) values (106,13,28,'',1,1);
insert  into `tb_recipe_sympton`(`i_recsymp_id`,`i_recipe_id`,`i_symp_id`,`v_recsymp_observation`,`i_recsymp_special`,`i_recsymp_status`) values (107,13,18,NULL,NULL,1);
insert  into `tb_recipe_sympton`(`i_recsymp_id`,`i_recipe_id`,`i_symp_id`,`v_recsymp_observation`,`i_recsymp_special`,`i_recsymp_status`) values (108,13,29,'用于胃腹痛，胃溃疡 ，胃炎，胃粘膜脱垂，肠炎，痢疾，实热性腹痛不能用',NULL,1);
insert  into `tb_recipe_sympton`(`i_recsymp_id`,`i_recipe_id`,`i_symp_id`,`v_recsymp_observation`,`i_recsymp_special`,`i_recsymp_status`) values (109,14,1,NULL,NULL,1);
insert  into `tb_recipe_sympton`(`i_recsymp_id`,`i_recipe_id`,`i_symp_id`,`v_recsymp_observation`,`i_recsymp_special`,`i_recsymp_status`) values (110,14,2,NULL,NULL,1);
insert  into `tb_recipe_sympton`(`i_recsymp_id`,`i_recipe_id`,`i_symp_id`,`v_recsymp_observation`,`i_recsymp_special`,`i_recsymp_status`) values (111,14,3,NULL,NULL,1);
insert  into `tb_recipe_sympton`(`i_recsymp_id`,`i_recipe_id`,`i_symp_id`,`v_recsymp_observation`,`i_recsymp_special`,`i_recsymp_status`) values (112,14,4,NULL,NULL,1);
insert  into `tb_recipe_sympton`(`i_recsymp_id`,`i_recipe_id`,`i_symp_id`,`v_recsymp_observation`,`i_recsymp_special`,`i_recsymp_status`) values (113,14,5,NULL,NULL,1);
insert  into `tb_recipe_sympton`(`i_recsymp_id`,`i_recipe_id`,`i_symp_id`,`v_recsymp_observation`,`i_recsymp_special`,`i_recsymp_status`) values (114,14,6,NULL,NULL,1);
insert  into `tb_recipe_sympton`(`i_recsymp_id`,`i_recipe_id`,`i_symp_id`,`v_recsymp_observation`,`i_recsymp_special`,`i_recsymp_status`) values (115,14,7,NULL,NULL,1);
insert  into `tb_recipe_sympton`(`i_recsymp_id`,`i_recipe_id`,`i_symp_id`,`v_recsymp_observation`,`i_recsymp_special`,`i_recsymp_status`) values (116,14,8,'（服用过麻黄汤）或下之 （服用过泻药）',NULL,1);
insert  into `tb_recipe_sympton`(`i_recsymp_id`,`i_recipe_id`,`i_symp_id`,`v_recsymp_observation`,`i_recsymp_special`,`i_recsymp_status`) values (117,14,30,'',1,1);
insert  into `tb_recipe_sympton`(`i_recsymp_id`,`i_recipe_id`,`i_symp_id`,`v_recsymp_observation`,`i_recsymp_special`,`i_recsymp_status`) values (118,14,31,'',1,1);
insert  into `tb_recipe_sympton`(`i_recsymp_id`,`i_recipe_id`,`i_symp_id`,`v_recsymp_observation`,`i_recsymp_special`,`i_recsymp_status`) values (119,14,32,'',1,1);
insert  into `tb_recipe_sympton`(`i_recsymp_id`,`i_recipe_id`,`i_symp_id`,`v_recsymp_observation`,`i_recsymp_special`,`i_recsymp_status`) values (120,15,18,NULL,NULL,1);
insert  into `tb_recipe_sympton`(`i_recsymp_id`,`i_recipe_id`,`i_symp_id`,`v_recsymp_observation`,`i_recsymp_special`,`i_recsymp_status`) values (121,15,9,NULL,NULL,1);
insert  into `tb_recipe_sympton`(`i_recsymp_id`,`i_recipe_id`,`i_symp_id`,`v_recsymp_observation`,`i_recsymp_special`,`i_recsymp_status`) values (122,15,19,NULL,NULL,1);
insert  into `tb_recipe_sympton`(`i_recsymp_id`,`i_recipe_id`,`i_symp_id`,`v_recsymp_observation`,`i_recsymp_special`,`i_recsymp_status`) values (123,15,20,NULL,NULL,1);
insert  into `tb_recipe_sympton`(`i_recsymp_id`,`i_recipe_id`,`i_symp_id`,`v_recsymp_observation`,`i_recsymp_special`,`i_recsymp_status`) values (124,15,33,NULL,NULL,1);
insert  into `tb_recipe_sympton`(`i_recsymp_id`,`i_recipe_id`,`i_symp_id`,`v_recsymp_observation`,`i_recsymp_special`,`i_recsymp_status`) values (125,15,31,NULL,NULL,1);
insert  into `tb_recipe_sympton`(`i_recsymp_id`,`i_recipe_id`,`i_symp_id`,`v_recsymp_observation`,`i_recsymp_special`,`i_recsymp_status`) values (126,15,34,NULL,NULL,1);
insert  into `tb_recipe_sympton`(`i_recsymp_id`,`i_recipe_id`,`i_symp_id`,`v_recsymp_observation`,`i_recsymp_special`,`i_recsymp_status`) values (127,15,35,NULL,NULL,1);
insert  into `tb_recipe_sympton`(`i_recsymp_id`,`i_recipe_id`,`i_symp_id`,`v_recsymp_observation`,`i_recsymp_special`,`i_recsymp_status`) values (128,15,36,NULL,NULL,1);
insert  into `tb_recipe_sympton`(`i_recsymp_id`,`i_recipe_id`,`i_symp_id`,`v_recsymp_observation`,`i_recsymp_special`,`i_recsymp_status`) values (129,16,37,NULL,NULL,1);
insert  into `tb_recipe_sympton`(`i_recsymp_id`,`i_recipe_id`,`i_symp_id`,`v_recsymp_observation`,`i_recsymp_special`,`i_recsymp_status`) values (130,16,38,NULL,NULL,1);
insert  into `tb_recipe_sympton`(`i_recsymp_id`,`i_recipe_id`,`i_symp_id`,`v_recsymp_observation`,`i_recsymp_special`,`i_recsymp_status`) values (131,16,39,NULL,NULL,1);
insert  into `tb_recipe_sympton`(`i_recsymp_id`,`i_recipe_id`,`i_symp_id`,`v_recsymp_observation`,`i_recsymp_special`,`i_recsymp_status`) values (132,17,37,NULL,NULL,1);
insert  into `tb_recipe_sympton`(`i_recsymp_id`,`i_recipe_id`,`i_symp_id`,`v_recsymp_observation`,`i_recsymp_special`,`i_recsymp_status`) values (133,17,38,NULL,NULL,1);
insert  into `tb_recipe_sympton`(`i_recsymp_id`,`i_recipe_id`,`i_symp_id`,`v_recsymp_observation`,`i_recsymp_special`,`i_recsymp_status`) values (134,17,39,NULL,NULL,1);
insert  into `tb_recipe_sympton`(`i_recsymp_id`,`i_recipe_id`,`i_symp_id`,`v_recsymp_observation`,`i_recsymp_special`,`i_recsymp_status`) values (135,17,28,NULL,NULL,1);
insert  into `tb_recipe_sympton`(`i_recsymp_id`,`i_recipe_id`,`i_symp_id`,`v_recsymp_observation`,`i_recsymp_special`,`i_recsymp_status`) values (136,17,40,NULL,NULL,1);
insert  into `tb_recipe_sympton`(`i_recsymp_id`,`i_recipe_id`,`i_symp_id`,`v_recsymp_observation`,`i_recsymp_special`,`i_recsymp_status`) values (137,17,41,NULL,NULL,1);
insert  into `tb_recipe_sympton`(`i_recsymp_id`,`i_recipe_id`,`i_symp_id`,`v_recsymp_observation`,`i_recsymp_special`,`i_recsymp_status`) values (138,18,38,NULL,NULL,1);
insert  into `tb_recipe_sympton`(`i_recsymp_id`,`i_recipe_id`,`i_symp_id`,`v_recsymp_observation`,`i_recsymp_special`,`i_recsymp_status`) values (139,18,42,NULL,NULL,1);
insert  into `tb_recipe_sympton`(`i_recsymp_id`,`i_recipe_id`,`i_symp_id`,`v_recsymp_observation`,`i_recsymp_special`,`i_recsymp_status`) values (140,18,43,NULL,NULL,1);
insert  into `tb_recipe_sympton`(`i_recsymp_id`,`i_recipe_id`,`i_symp_id`,`v_recsymp_observation`,`i_recsymp_special`,`i_recsymp_status`) values (141,18,44,NULL,NULL,1);
insert  into `tb_recipe_sympton`(`i_recsymp_id`,`i_recipe_id`,`i_symp_id`,`v_recsymp_observation`,`i_recsymp_special`,`i_recsymp_status`) values (142,18,9,NULL,NULL,1);
insert  into `tb_recipe_sympton`(`i_recsymp_id`,`i_recipe_id`,`i_symp_id`,`v_recsymp_observation`,`i_recsymp_special`,`i_recsymp_status`) values (143,18,45,NULL,NULL,1);
insert  into `tb_recipe_sympton`(`i_recsymp_id`,`i_recipe_id`,`i_symp_id`,`v_recsymp_observation`,`i_recsymp_special`,`i_recsymp_status`) values (144,18,46,NULL,NULL,1);
insert  into `tb_recipe_sympton`(`i_recsymp_id`,`i_recipe_id`,`i_symp_id`,`v_recsymp_observation`,`i_recsymp_special`,`i_recsymp_status`) values (145,18,47,NULL,NULL,1);
insert  into `tb_recipe_sympton`(`i_recsymp_id`,`i_recipe_id`,`i_symp_id`,`v_recsymp_observation`,`i_recsymp_special`,`i_recsymp_status`) values (146,19,18,NULL,NULL,1);
insert  into `tb_recipe_sympton`(`i_recsymp_id`,`i_recipe_id`,`i_symp_id`,`v_recsymp_observation`,`i_recsymp_special`,`i_recsymp_status`) values (147,19,24,NULL,NULL,1);
insert  into `tb_recipe_sympton`(`i_recsymp_id`,`i_recipe_id`,`i_symp_id`,`v_recsymp_observation`,`i_recsymp_special`,`i_recsymp_status`) values (148,19,9,NULL,NULL,1);
insert  into `tb_recipe_sympton`(`i_recsymp_id`,`i_recipe_id`,`i_symp_id`,`v_recsymp_observation`,`i_recsymp_special`,`i_recsymp_status`) values (149,19,19,NULL,NULL,1);
insert  into `tb_recipe_sympton`(`i_recsymp_id`,`i_recipe_id`,`i_symp_id`,`v_recsymp_observation`,`i_recsymp_special`,`i_recsymp_status`) values (150,19,20,NULL,NULL,1);
insert  into `tb_recipe_sympton`(`i_recsymp_id`,`i_recipe_id`,`i_symp_id`,`v_recsymp_observation`,`i_recsymp_special`,`i_recsymp_status`) values (151,19,22,NULL,NULL,1);
insert  into `tb_recipe_sympton`(`i_recsymp_id`,`i_recipe_id`,`i_symp_id`,`v_recsymp_observation`,`i_recsymp_special`,`i_recsymp_status`) values (152,19,48,NULL,NULL,1);
insert  into `tb_recipe_sympton`(`i_recsymp_id`,`i_recipe_id`,`i_symp_id`,`v_recsymp_observation`,`i_recsymp_special`,`i_recsymp_status`) values (153,19,49,'脐下悸，跳动',NULL,1);
insert  into `tb_recipe_sympton`(`i_recsymp_id`,`i_recipe_id`,`i_symp_id`,`v_recsymp_observation`,`i_recsymp_special`,`i_recsymp_status`) values (155,20,18,NULL,NULL,1);
insert  into `tb_recipe_sympton`(`i_recsymp_id`,`i_recipe_id`,`i_symp_id`,`v_recsymp_observation`,`i_recsymp_special`,`i_recsymp_status`) values (156,20,9,NULL,NULL,1);
insert  into `tb_recipe_sympton`(`i_recsymp_id`,`i_recipe_id`,`i_symp_id`,`v_recsymp_observation`,`i_recsymp_special`,`i_recsymp_status`) values (157,20,19,NULL,NULL,1);
insert  into `tb_recipe_sympton`(`i_recsymp_id`,`i_recipe_id`,`i_symp_id`,`v_recsymp_observation`,`i_recsymp_special`,`i_recsymp_status`) values (158,20,20,NULL,NULL,1);
insert  into `tb_recipe_sympton`(`i_recsymp_id`,`i_recipe_id`,`i_symp_id`,`v_recsymp_observation`,`i_recsymp_special`,`i_recsymp_status`) values (159,20,22,NULL,NULL,1);
insert  into `tb_recipe_sympton`(`i_recsymp_id`,`i_recipe_id`,`i_symp_id`,`v_recsymp_observation`,`i_recsymp_special`,`i_recsymp_status`) values (160,20,40,'',1,1);
insert  into `tb_recipe_sympton`(`i_recsymp_id`,`i_recipe_id`,`i_symp_id`,`v_recsymp_observation`,`i_recsymp_special`,`i_recsymp_status`) values (161,21,18,NULL,NULL,1);
insert  into `tb_recipe_sympton`(`i_recsymp_id`,`i_recipe_id`,`i_symp_id`,`v_recsymp_observation`,`i_recsymp_special`,`i_recsymp_status`) values (162,21,9,NULL,NULL,1);
insert  into `tb_recipe_sympton`(`i_recsymp_id`,`i_recipe_id`,`i_symp_id`,`v_recsymp_observation`,`i_recsymp_special`,`i_recsymp_status`) values (163,21,19,NULL,NULL,1);
insert  into `tb_recipe_sympton`(`i_recsymp_id`,`i_recipe_id`,`i_symp_id`,`v_recsymp_observation`,`i_recsymp_special`,`i_recsymp_status`) values (164,21,20,NULL,NULL,1);
insert  into `tb_recipe_sympton`(`i_recsymp_id`,`i_recipe_id`,`i_symp_id`,`v_recsymp_observation`,`i_recsymp_special`,`i_recsymp_status`) values (165,21,22,NULL,NULL,1);
insert  into `tb_recipe_sympton`(`i_recsymp_id`,`i_recipe_id`,`i_symp_id`,`v_recsymp_observation`,`i_recsymp_special`,`i_recsymp_status`) values (166,21,40,'',1,1);
insert  into `tb_recipe_sympton`(`i_recsymp_id`,`i_recipe_id`,`i_symp_id`,`v_recsymp_observation`,`i_recsymp_special`,`i_recsymp_status`) values (167,21,14,'',1,1);
insert  into `tb_recipe_sympton`(`i_recsymp_id`,`i_recipe_id`,`i_symp_id`,`v_recsymp_observation`,`i_recsymp_special`,`i_recsymp_status`) values (168,22,18,NULL,NULL,1);
insert  into `tb_recipe_sympton`(`i_recsymp_id`,`i_recipe_id`,`i_symp_id`,`v_recsymp_observation`,`i_recsymp_special`,`i_recsymp_status`) values (169,22,9,NULL,NULL,1);
insert  into `tb_recipe_sympton`(`i_recsymp_id`,`i_recipe_id`,`i_symp_id`,`v_recsymp_observation`,`i_recsymp_special`,`i_recsymp_status`) values (170,22,19,NULL,NULL,1);
insert  into `tb_recipe_sympton`(`i_recsymp_id`,`i_recipe_id`,`i_symp_id`,`v_recsymp_observation`,`i_recsymp_special`,`i_recsymp_status`) values (171,22,20,NULL,NULL,1);
insert  into `tb_recipe_sympton`(`i_recsymp_id`,`i_recipe_id`,`i_symp_id`,`v_recsymp_observation`,`i_recsymp_special`,`i_recsymp_status`) values (172,22,22,NULL,NULL,1);
insert  into `tb_recipe_sympton`(`i_recsymp_id`,`i_recipe_id`,`i_symp_id`,`v_recsymp_observation`,`i_recsymp_special`,`i_recsymp_status`) values (173,22,50,NULL,NULL,1);
insert  into `tb_recipe_sympton`(`i_recsymp_id`,`i_recipe_id`,`i_symp_id`,`v_recsymp_observation`,`i_recsymp_special`,`i_recsymp_status`) values (174,23,44,NULL,NULL,1);
insert  into `tb_recipe_sympton`(`i_recsymp_id`,`i_recipe_id`,`i_symp_id`,`v_recsymp_observation`,`i_recsymp_special`,`i_recsymp_status`) values (175,23,14,NULL,NULL,1);
insert  into `tb_recipe_sympton`(`i_recsymp_id`,`i_recipe_id`,`i_symp_id`,`v_recsymp_observation`,`i_recsymp_special`,`i_recsymp_status`) values (176,23,51,NULL,NULL,1);
insert  into `tb_recipe_sympton`(`i_recsymp_id`,`i_recipe_id`,`i_symp_id`,`v_recsymp_observation`,`i_recsymp_special`,`i_recsymp_status`) values (177,23,3,NULL,NULL,1);
insert  into `tb_recipe_sympton`(`i_recsymp_id`,`i_recipe_id`,`i_symp_id`,`v_recsymp_observation`,`i_recsymp_special`,`i_recsymp_status`) values (178,23,9,NULL,NULL,1);
insert  into `tb_recipe_sympton`(`i_recsymp_id`,`i_recipe_id`,`i_symp_id`,`v_recsymp_observation`,`i_recsymp_special`,`i_recsymp_status`) values (179,23,52,'量少次数多',NULL,1);
insert  into `tb_recipe_sympton`(`i_recsymp_id`,`i_recipe_id`,`i_symp_id`,`v_recsymp_observation`,`i_recsymp_special`,`i_recsymp_status`) values (180,23,53,NULL,NULL,1);
insert  into `tb_recipe_sympton`(`i_recsymp_id`,`i_recipe_id`,`i_symp_id`,`v_recsymp_observation`,`i_recsymp_special`,`i_recsymp_status`) values (181,23,38,NULL,NULL,1);
insert  into `tb_recipe_sympton`(`i_recsymp_id`,`i_recipe_id`,`i_symp_id`,`v_recsymp_observation`,`i_recsymp_special`,`i_recsymp_status`) values (182,23,18,NULL,NULL,1);
insert  into `tb_recipe_sympton`(`i_recsymp_id`,`i_recipe_id`,`i_symp_id`,`v_recsymp_observation`,`i_recsymp_special`,`i_recsymp_status`) values (183,23,1,NULL,NULL,1);
insert  into `tb_recipe_sympton`(`i_recsymp_id`,`i_recipe_id`,`i_symp_id`,`v_recsymp_observation`,`i_recsymp_special`,`i_recsymp_status`) values (184,23,2,NULL,NULL,1);
insert  into `tb_recipe_sympton`(`i_recsymp_id`,`i_recipe_id`,`i_symp_id`,`v_recsymp_observation`,`i_recsymp_special`,`i_recsymp_status`) values (185,24,54,NULL,NULL,1);
insert  into `tb_recipe_sympton`(`i_recsymp_id`,`i_recipe_id`,`i_symp_id`,`v_recsymp_observation`,`i_recsymp_special`,`i_recsymp_status`) values (186,24,1,NULL,NULL,1);
insert  into `tb_recipe_sympton`(`i_recsymp_id`,`i_recipe_id`,`i_symp_id`,`v_recsymp_observation`,`i_recsymp_special`,`i_recsymp_status`) values (187,24,2,NULL,NULL,1);
insert  into `tb_recipe_sympton`(`i_recsymp_id`,`i_recipe_id`,`i_symp_id`,`v_recsymp_observation`,`i_recsymp_special`,`i_recsymp_status`) values (188,24,9,NULL,NULL,1);
insert  into `tb_recipe_sympton`(`i_recsymp_id`,`i_recipe_id`,`i_symp_id`,`v_recsymp_observation`,`i_recsymp_special`,`i_recsymp_status`) values (189,25,31,NULL,NULL,1);
insert  into `tb_recipe_sympton`(`i_recsymp_id`,`i_recipe_id`,`i_symp_id`,`v_recsymp_observation`,`i_recsymp_special`,`i_recsymp_status`) values (190,25,55,NULL,NULL,1);
insert  into `tb_recipe_sympton`(`i_recsymp_id`,`i_recipe_id`,`i_symp_id`,`v_recsymp_observation`,`i_recsymp_special`,`i_recsymp_status`) values (191,25,9,NULL,NULL,1);
insert  into `tb_recipe_sympton`(`i_recsymp_id`,`i_recipe_id`,`i_symp_id`,`v_recsymp_observation`,`i_recsymp_special`,`i_recsymp_status`) values (192,25,56,NULL,NULL,1);
insert  into `tb_recipe_sympton`(`i_recsymp_id`,`i_recipe_id`,`i_symp_id`,`v_recsymp_observation`,`i_recsymp_special`,`i_recsymp_status`) values (193,26,57,NULL,NULL,1);
insert  into `tb_recipe_sympton`(`i_recsymp_id`,`i_recipe_id`,`i_symp_id`,`v_recsymp_observation`,`i_recsymp_special`,`i_recsymp_status`) values (194,26,28,NULL,NULL,1);
insert  into `tb_recipe_sympton`(`i_recsymp_id`,`i_recipe_id`,`i_symp_id`,`v_recsymp_observation`,`i_recsymp_special`,`i_recsymp_status`) values (195,26,58,NULL,NULL,1);
insert  into `tb_recipe_sympton`(`i_recsymp_id`,`i_recipe_id`,`i_symp_id`,`v_recsymp_observation`,`i_recsymp_special`,`i_recsymp_status`) values (196,27,18,NULL,NULL,1);
insert  into `tb_recipe_sympton`(`i_recsymp_id`,`i_recipe_id`,`i_symp_id`,`v_recsymp_observation`,`i_recsymp_special`,`i_recsymp_status`) values (197,27,20,NULL,NULL,1);
insert  into `tb_recipe_sympton`(`i_recsymp_id`,`i_recipe_id`,`i_symp_id`,`v_recsymp_observation`,`i_recsymp_special`,`i_recsymp_status`) values (198,28,3,NULL,NULL,1);
insert  into `tb_recipe_sympton`(`i_recsymp_id`,`i_recipe_id`,`i_symp_id`,`v_recsymp_observation`,`i_recsymp_special`,`i_recsymp_status`) values (199,28,60,NULL,NULL,1);
insert  into `tb_recipe_sympton`(`i_recsymp_id`,`i_recipe_id`,`i_symp_id`,`v_recsymp_observation`,`i_recsymp_special`,`i_recsymp_status`) values (200,28,30,NULL,NULL,1);
insert  into `tb_recipe_sympton`(`i_recsymp_id`,`i_recipe_id`,`i_symp_id`,`v_recsymp_observation`,`i_recsymp_special`,`i_recsymp_status`) values (201,28,41,NULL,NULL,1);
insert  into `tb_recipe_sympton`(`i_recsymp_id`,`i_recipe_id`,`i_symp_id`,`v_recsymp_observation`,`i_recsymp_special`,`i_recsymp_status`) values (202,28,61,NULL,NULL,1);
insert  into `tb_recipe_sympton`(`i_recsymp_id`,`i_recipe_id`,`i_symp_id`,`v_recsymp_observation`,`i_recsymp_special`,`i_recsymp_status`) values (203,28,17,NULL,NULL,1);
insert  into `tb_recipe_sympton`(`i_recsymp_id`,`i_recipe_id`,`i_symp_id`,`v_recsymp_observation`,`i_recsymp_special`,`i_recsymp_status`) values (204,28,62,NULL,NULL,1);
insert  into `tb_recipe_sympton`(`i_recsymp_id`,`i_recipe_id`,`i_symp_id`,`v_recsymp_observation`,`i_recsymp_special`,`i_recsymp_status`) values (205,29,63,NULL,NULL,1);
insert  into `tb_recipe_sympton`(`i_recsymp_id`,`i_recipe_id`,`i_symp_id`,`v_recsymp_observation`,`i_recsymp_special`,`i_recsymp_status`) values (206,29,64,NULL,NULL,1);
insert  into `tb_recipe_sympton`(`i_recsymp_id`,`i_recipe_id`,`i_symp_id`,`v_recsymp_observation`,`i_recsymp_special`,`i_recsymp_status`) values (207,29,60,NULL,NULL,1);
insert  into `tb_recipe_sympton`(`i_recsymp_id`,`i_recipe_id`,`i_symp_id`,`v_recsymp_observation`,`i_recsymp_special`,`i_recsymp_status`) values (208,29,2,NULL,NULL,1);
insert  into `tb_recipe_sympton`(`i_recsymp_id`,`i_recipe_id`,`i_symp_id`,`v_recsymp_observation`,`i_recsymp_special`,`i_recsymp_status`) values (209,29,65,NULL,NULL,1);
insert  into `tb_recipe_sympton`(`i_recsymp_id`,`i_recipe_id`,`i_symp_id`,`v_recsymp_observation`,`i_recsymp_special`,`i_recsymp_status`) values (210,29,9,NULL,NULL,1);
insert  into `tb_recipe_sympton`(`i_recsymp_id`,`i_recipe_id`,`i_symp_id`,`v_recsymp_observation`,`i_recsymp_special`,`i_recsymp_status`) values (211,30,54,NULL,NULL,1);
insert  into `tb_recipe_sympton`(`i_recsymp_id`,`i_recipe_id`,`i_symp_id`,`v_recsymp_observation`,`i_recsymp_special`,`i_recsymp_status`) values (212,30,60,NULL,NULL,1);
insert  into `tb_recipe_sympton`(`i_recsymp_id`,`i_recipe_id`,`i_symp_id`,`v_recsymp_observation`,`i_recsymp_special`,`i_recsymp_status`) values (213,31,48,NULL,NULL,1);
insert  into `tb_recipe_sympton`(`i_recsymp_id`,`i_recipe_id`,`i_symp_id`,`v_recsymp_observation`,`i_recsymp_special`,`i_recsymp_status`) values (214,31,60,NULL,NULL,1);
insert  into `tb_recipe_sympton`(`i_recsymp_id`,`i_recipe_id`,`i_symp_id`,`v_recsymp_observation`,`i_recsymp_special`,`i_recsymp_status`) values (215,32,63,NULL,NULL,1);
insert  into `tb_recipe_sympton`(`i_recsymp_id`,`i_recipe_id`,`i_symp_id`,`v_recsymp_observation`,`i_recsymp_special`,`i_recsymp_status`) values (216,32,64,NULL,NULL,1);
insert  into `tb_recipe_sympton`(`i_recsymp_id`,`i_recipe_id`,`i_symp_id`,`v_recsymp_observation`,`i_recsymp_special`,`i_recsymp_status`) values (217,32,60,NULL,NULL,1);
insert  into `tb_recipe_sympton`(`i_recsymp_id`,`i_recipe_id`,`i_symp_id`,`v_recsymp_observation`,`i_recsymp_special`,`i_recsymp_status`) values (218,32,2,NULL,NULL,1);
insert  into `tb_recipe_sympton`(`i_recsymp_id`,`i_recipe_id`,`i_symp_id`,`v_recsymp_observation`,`i_recsymp_special`,`i_recsymp_status`) values (219,32,65,NULL,NULL,1);
insert  into `tb_recipe_sympton`(`i_recsymp_id`,`i_recipe_id`,`i_symp_id`,`v_recsymp_observation`,`i_recsymp_special`,`i_recsymp_status`) values (220,32,9,NULL,NULL,1);
insert  into `tb_recipe_sympton`(`i_recsymp_id`,`i_recipe_id`,`i_symp_id`,`v_recsymp_observation`,`i_recsymp_special`,`i_recsymp_status`) values (221,32,40,'',1,1);
insert  into `tb_recipe_sympton`(`i_recsymp_id`,`i_recipe_id`,`i_symp_id`,`v_recsymp_observation`,`i_recsymp_special`,`i_recsymp_status`) values (222,33,3,NULL,NULL,1);
insert  into `tb_recipe_sympton`(`i_recsymp_id`,`i_recipe_id`,`i_symp_id`,`v_recsymp_observation`,`i_recsymp_special`,`i_recsymp_status`) values (223,33,60,NULL,NULL,1);
insert  into `tb_recipe_sympton`(`i_recsymp_id`,`i_recipe_id`,`i_symp_id`,`v_recsymp_observation`,`i_recsymp_special`,`i_recsymp_status`) values (224,33,30,NULL,NULL,1);
insert  into `tb_recipe_sympton`(`i_recsymp_id`,`i_recipe_id`,`i_symp_id`,`v_recsymp_observation`,`i_recsymp_special`,`i_recsymp_status`) values (225,33,41,NULL,NULL,1);
insert  into `tb_recipe_sympton`(`i_recsymp_id`,`i_recipe_id`,`i_symp_id`,`v_recsymp_observation`,`i_recsymp_special`,`i_recsymp_status`) values (226,33,61,NULL,NULL,1);
insert  into `tb_recipe_sympton`(`i_recsymp_id`,`i_recipe_id`,`i_symp_id`,`v_recsymp_observation`,`i_recsymp_special`,`i_recsymp_status`) values (227,33,17,NULL,NULL,1);
insert  into `tb_recipe_sympton`(`i_recsymp_id`,`i_recipe_id`,`i_symp_id`,`v_recsymp_observation`,`i_recsymp_special`,`i_recsymp_status`) values (228,33,62,NULL,NULL,1);
insert  into `tb_recipe_sympton`(`i_recsymp_id`,`i_recipe_id`,`i_symp_id`,`v_recsymp_observation`,`i_recsymp_special`,`i_recsymp_status`) values (229,33,44,'',1,1);
insert  into `tb_recipe_sympton`(`i_recsymp_id`,`i_recipe_id`,`i_symp_id`,`v_recsymp_observation`,`i_recsymp_special`,`i_recsymp_status`) values (230,34,17,NULL,NULL,1);
insert  into `tb_recipe_sympton`(`i_recsymp_id`,`i_recipe_id`,`i_symp_id`,`v_recsymp_observation`,`i_recsymp_special`,`i_recsymp_status`) values (231,34,23,NULL,NULL,1);
insert  into `tb_recipe_sympton`(`i_recsymp_id`,`i_recipe_id`,`i_symp_id`,`v_recsymp_observation`,`i_recsymp_special`,`i_recsymp_status`) values (232,34,16,NULL,NULL,1);
insert  into `tb_recipe_sympton`(`i_recsymp_id`,`i_recipe_id`,`i_symp_id`,`v_recsymp_observation`,`i_recsymp_special`,`i_recsymp_status`) values (233,34,60,NULL,NULL,1);
insert  into `tb_recipe_sympton`(`i_recsymp_id`,`i_recipe_id`,`i_symp_id`,`v_recsymp_observation`,`i_recsymp_special`,`i_recsymp_status`) values (234,35,3,NULL,NULL,1);
insert  into `tb_recipe_sympton`(`i_recsymp_id`,`i_recipe_id`,`i_symp_id`,`v_recsymp_observation`,`i_recsymp_special`,`i_recsymp_status`) values (235,35,61,NULL,NULL,1);
insert  into `tb_recipe_sympton`(`i_recsymp_id`,`i_recipe_id`,`i_symp_id`,`v_recsymp_observation`,`i_recsymp_special`,`i_recsymp_status`) values (236,35,66,NULL,NULL,1);
insert  into `tb_recipe_sympton`(`i_recsymp_id`,`i_recipe_id`,`i_symp_id`,`v_recsymp_observation`,`i_recsymp_special`,`i_recsymp_status`) values (237,35,67,'定时发寒热的症状， 热多寒少',NULL,1);
insert  into `tb_recipe_sympton`(`i_recsymp_id`,`i_recipe_id`,`i_symp_id`,`v_recsymp_observation`,`i_recsymp_special`,`i_recsymp_status`) values (238,36,3,NULL,NULL,1);
insert  into `tb_recipe_sympton`(`i_recsymp_id`,`i_recipe_id`,`i_symp_id`,`v_recsymp_observation`,`i_recsymp_special`,`i_recsymp_status`) values (239,36,60,NULL,NULL,1);
insert  into `tb_recipe_sympton`(`i_recsymp_id`,`i_recipe_id`,`i_symp_id`,`v_recsymp_observation`,`i_recsymp_special`,`i_recsymp_status`) values (240,36,30,NULL,NULL,1);
insert  into `tb_recipe_sympton`(`i_recsymp_id`,`i_recipe_id`,`i_symp_id`,`v_recsymp_observation`,`i_recsymp_special`,`i_recsymp_status`) values (241,36,41,NULL,NULL,1);
insert  into `tb_recipe_sympton`(`i_recsymp_id`,`i_recipe_id`,`i_symp_id`,`v_recsymp_observation`,`i_recsymp_special`,`i_recsymp_status`) values (242,36,61,NULL,NULL,1);
insert  into `tb_recipe_sympton`(`i_recsymp_id`,`i_recipe_id`,`i_symp_id`,`v_recsymp_observation`,`i_recsymp_special`,`i_recsymp_status`) values (243,36,17,NULL,NULL,1);
insert  into `tb_recipe_sympton`(`i_recsymp_id`,`i_recipe_id`,`i_symp_id`,`v_recsymp_observation`,`i_recsymp_special`,`i_recsymp_status`) values (244,36,62,NULL,NULL,1);
insert  into `tb_recipe_sympton`(`i_recsymp_id`,`i_recipe_id`,`i_symp_id`,`v_recsymp_observation`,`i_recsymp_special`,`i_recsymp_status`) values (245,36,1,NULL,NULL,1);
insert  into `tb_recipe_sympton`(`i_recsymp_id`,`i_recipe_id`,`i_symp_id`,`v_recsymp_observation`,`i_recsymp_special`,`i_recsymp_status`) values (246,36,2,NULL,NULL,1);
insert  into `tb_recipe_sympton`(`i_recsymp_id`,`i_recipe_id`,`i_symp_id`,`v_recsymp_observation`,`i_recsymp_special`,`i_recsymp_status`) values (248,36,4,NULL,NULL,1);
insert  into `tb_recipe_sympton`(`i_recsymp_id`,`i_recipe_id`,`i_symp_id`,`v_recsymp_observation`,`i_recsymp_special`,`i_recsymp_status`) values (249,36,5,NULL,NULL,1);
insert  into `tb_recipe_sympton`(`i_recsymp_id`,`i_recipe_id`,`i_symp_id`,`v_recsymp_observation`,`i_recsymp_special`,`i_recsymp_status`) values (250,36,6,NULL,NULL,1);
insert  into `tb_recipe_sympton`(`i_recsymp_id`,`i_recipe_id`,`i_symp_id`,`v_recsymp_observation`,`i_recsymp_special`,`i_recsymp_status`) values (251,36,7,NULL,NULL,1);
insert  into `tb_recipe_sympton`(`i_recsymp_id`,`i_recipe_id`,`i_symp_id`,`v_recsymp_observation`,`i_recsymp_special`,`i_recsymp_status`) values (252,36,8,'（服用过麻黄汤）或下之 （服用过泻药）',NULL,1);
insert  into `tb_recipe_sympton`(`i_recsymp_id`,`i_recipe_id`,`i_symp_id`,`v_recsymp_observation`,`i_recsymp_special`,`i_recsymp_status`) values (253,37,68,NULL,NULL,1);
insert  into `tb_recipe_sympton`(`i_recsymp_id`,`i_recipe_id`,`i_symp_id`,`v_recsymp_observation`,`i_recsymp_special`,`i_recsymp_status`) values (254,37,17,NULL,NULL,1);
insert  into `tb_recipe_sympton`(`i_recsymp_id`,`i_recipe_id`,`i_symp_id`,`v_recsymp_observation`,`i_recsymp_special`,`i_recsymp_status`) values (255,37,60,NULL,NULL,1);
insert  into `tb_recipe_sympton`(`i_recsymp_id`,`i_recipe_id`,`i_symp_id`,`v_recsymp_observation`,`i_recsymp_special`,`i_recsymp_status`) values (256,37,61,NULL,NULL,1);
insert  into `tb_recipe_sympton`(`i_recsymp_id`,`i_recipe_id`,`i_symp_id`,`v_recsymp_observation`,`i_recsymp_special`,`i_recsymp_status`) values (257,37,43,NULL,NULL,1);
insert  into `tb_recipe_sympton`(`i_recsymp_id`,`i_recipe_id`,`i_symp_id`,`v_recsymp_observation`,`i_recsymp_special`,`i_recsymp_status`) values (258,37,62,NULL,NULL,1);
insert  into `tb_recipe_sympton`(`i_recsymp_id`,`i_recipe_id`,`i_symp_id`,`v_recsymp_observation`,`i_recsymp_special`,`i_recsymp_status`) values (259,38,1,NULL,NULL,1);
insert  into `tb_recipe_sympton`(`i_recsymp_id`,`i_recipe_id`,`i_symp_id`,`v_recsymp_observation`,`i_recsymp_special`,`i_recsymp_status`) values (260,38,2,NULL,NULL,1);
insert  into `tb_recipe_sympton`(`i_recsymp_id`,`i_recipe_id`,`i_symp_id`,`v_recsymp_observation`,`i_recsymp_special`,`i_recsymp_status`) values (261,38,15,NULL,NULL,1);
insert  into `tb_recipe_sympton`(`i_recsymp_id`,`i_recipe_id`,`i_symp_id`,`v_recsymp_observation`,`i_recsymp_special`,`i_recsymp_status`) values (262,38,69,NULL,NULL,1);
insert  into `tb_recipe_sympton`(`i_recsymp_id`,`i_recipe_id`,`i_symp_id`,`v_recsymp_observation`,`i_recsymp_special`,`i_recsymp_status`) values (263,38,70,NULL,NULL,1);
insert  into `tb_recipe_sympton`(`i_recsymp_id`,`i_recipe_id`,`i_symp_id`,`v_recsymp_observation`,`i_recsymp_special`,`i_recsymp_status`) values (264,39,45,NULL,NULL,1);
insert  into `tb_recipe_sympton`(`i_recsymp_id`,`i_recipe_id`,`i_symp_id`,`v_recsymp_observation`,`i_recsymp_special`,`i_recsymp_status`) values (265,39,28,NULL,NULL,1);
insert  into `tb_recipe_sympton`(`i_recsymp_id`,`i_recipe_id`,`i_symp_id`,`v_recsymp_observation`,`i_recsymp_special`,`i_recsymp_status`) values (266,39,44,NULL,NULL,1);
insert  into `tb_recipe_sympton`(`i_recsymp_id`,`i_recipe_id`,`i_symp_id`,`v_recsymp_observation`,`i_recsymp_special`,`i_recsymp_status`) values (267,39,60,NULL,NULL,1);
insert  into `tb_recipe_sympton`(`i_recsymp_id`,`i_recipe_id`,`i_symp_id`,`v_recsymp_observation`,`i_recsymp_special`,`i_recsymp_status`) values (268,39,3,NULL,NULL,1);
insert  into `tb_recipe_sympton`(`i_recsymp_id`,`i_recipe_id`,`i_symp_id`,`v_recsymp_observation`,`i_recsymp_special`,`i_recsymp_status`) values (269,39,41,NULL,NULL,1);
insert  into `tb_recipe_sympton`(`i_recsymp_id`,`i_recipe_id`,`i_symp_id`,`v_recsymp_observation`,`i_recsymp_special`,`i_recsymp_status`) values (270,40,65,NULL,NULL,1);
insert  into `tb_recipe_sympton`(`i_recsymp_id`,`i_recipe_id`,`i_symp_id`,`v_recsymp_observation`,`i_recsymp_special`,`i_recsymp_status`) values (271,40,1,NULL,NULL,1);
insert  into `tb_recipe_sympton`(`i_recsymp_id`,`i_recipe_id`,`i_symp_id`,`v_recsymp_observation`,`i_recsymp_special`,`i_recsymp_status`) values (272,40,71,NULL,NULL,1);
insert  into `tb_recipe_sympton`(`i_recsymp_id`,`i_recipe_id`,`i_symp_id`,`v_recsymp_observation`,`i_recsymp_special`,`i_recsymp_status`) values (273,40,28,NULL,NULL,1);
insert  into `tb_recipe_sympton`(`i_recsymp_id`,`i_recipe_id`,`i_symp_id`,`v_recsymp_observation`,`i_recsymp_special`,`i_recsymp_status`) values (274,40,35,NULL,NULL,1);
insert  into `tb_recipe_sympton`(`i_recsymp_id`,`i_recipe_id`,`i_symp_id`,`v_recsymp_observation`,`i_recsymp_special`,`i_recsymp_status`) values (275,41,3,NULL,NULL,1);
insert  into `tb_recipe_sympton`(`i_recsymp_id`,`i_recipe_id`,`i_symp_id`,`v_recsymp_observation`,`i_recsymp_special`,`i_recsymp_status`) values (276,41,71,NULL,NULL,1);
insert  into `tb_recipe_sympton`(`i_recsymp_id`,`i_recipe_id`,`i_symp_id`,`v_recsymp_observation`,`i_recsymp_special`,`i_recsymp_status`) values (277,41,72,NULL,NULL,1);
insert  into `tb_recipe_sympton`(`i_recsymp_id`,`i_recipe_id`,`i_symp_id`,`v_recsymp_observation`,`i_recsymp_special`,`i_recsymp_status`) values (278,42,1,NULL,NULL,1);
insert  into `tb_recipe_sympton`(`i_recsymp_id`,`i_recipe_id`,`i_symp_id`,`v_recsymp_observation`,`i_recsymp_special`,`i_recsymp_status`) values (279,42,2,NULL,NULL,1);
insert  into `tb_recipe_sympton`(`i_recsymp_id`,`i_recipe_id`,`i_symp_id`,`v_recsymp_observation`,`i_recsymp_special`,`i_recsymp_status`) values (280,42,3,NULL,NULL,1);
insert  into `tb_recipe_sympton`(`i_recsymp_id`,`i_recipe_id`,`i_symp_id`,`v_recsymp_observation`,`i_recsymp_special`,`i_recsymp_status`) values (281,42,4,NULL,NULL,1);
insert  into `tb_recipe_sympton`(`i_recsymp_id`,`i_recipe_id`,`i_symp_id`,`v_recsymp_observation`,`i_recsymp_special`,`i_recsymp_status`) values (282,42,5,NULL,NULL,1);
insert  into `tb_recipe_sympton`(`i_recsymp_id`,`i_recipe_id`,`i_symp_id`,`v_recsymp_observation`,`i_recsymp_special`,`i_recsymp_status`) values (283,42,6,NULL,NULL,1);
insert  into `tb_recipe_sympton`(`i_recsymp_id`,`i_recipe_id`,`i_symp_id`,`v_recsymp_observation`,`i_recsymp_special`,`i_recsymp_status`) values (284,42,7,NULL,NULL,1);
insert  into `tb_recipe_sympton`(`i_recsymp_id`,`i_recipe_id`,`i_symp_id`,`v_recsymp_observation`,`i_recsymp_special`,`i_recsymp_status`) values (285,42,8,'（服用过麻黄汤）或下之 （服用过泻药）',NULL,1);
insert  into `tb_recipe_sympton`(`i_recsymp_id`,`i_recipe_id`,`i_symp_id`,`v_recsymp_observation`,`i_recsymp_special`,`i_recsymp_status`) values (286,42,73,'',1,1);
insert  into `tb_recipe_sympton`(`i_recsymp_id`,`i_recipe_id`,`i_symp_id`,`v_recsymp_observation`,`i_recsymp_special`,`i_recsymp_status`) values (287,43,1,NULL,NULL,1);
insert  into `tb_recipe_sympton`(`i_recsymp_id`,`i_recipe_id`,`i_symp_id`,`v_recsymp_observation`,`i_recsymp_special`,`i_recsymp_status`) values (288,43,2,NULL,NULL,1);
insert  into `tb_recipe_sympton`(`i_recsymp_id`,`i_recipe_id`,`i_symp_id`,`v_recsymp_observation`,`i_recsymp_special`,`i_recsymp_status`) values (289,43,3,NULL,NULL,1);
insert  into `tb_recipe_sympton`(`i_recsymp_id`,`i_recipe_id`,`i_symp_id`,`v_recsymp_observation`,`i_recsymp_special`,`i_recsymp_status`) values (290,43,4,NULL,NULL,1);
insert  into `tb_recipe_sympton`(`i_recsymp_id`,`i_recipe_id`,`i_symp_id`,`v_recsymp_observation`,`i_recsymp_special`,`i_recsymp_status`) values (291,43,5,NULL,NULL,1);
insert  into `tb_recipe_sympton`(`i_recsymp_id`,`i_recipe_id`,`i_symp_id`,`v_recsymp_observation`,`i_recsymp_special`,`i_recsymp_status`) values (292,43,6,NULL,NULL,1);
insert  into `tb_recipe_sympton`(`i_recsymp_id`,`i_recipe_id`,`i_symp_id`,`v_recsymp_observation`,`i_recsymp_special`,`i_recsymp_status`) values (293,43,7,NULL,NULL,1);
insert  into `tb_recipe_sympton`(`i_recsymp_id`,`i_recipe_id`,`i_symp_id`,`v_recsymp_observation`,`i_recsymp_special`,`i_recsymp_status`) values (294,43,8,'（服用过麻黄汤）或下之 （服用过泻药）',NULL,1);
insert  into `tb_recipe_sympton`(`i_recsymp_id`,`i_recipe_id`,`i_symp_id`,`v_recsymp_observation`,`i_recsymp_special`,`i_recsymp_status`) values (295,43,73,NULL,NULL,1);
insert  into `tb_recipe_sympton`(`i_recsymp_id`,`i_recipe_id`,`i_symp_id`,`v_recsymp_observation`,`i_recsymp_special`,`i_recsymp_status`) values (296,43,74,'',1,1);
insert  into `tb_recipe_sympton`(`i_recsymp_id`,`i_recipe_id`,`i_symp_id`,`v_recsymp_observation`,`i_recsymp_special`,`i_recsymp_status`) values (297,44,54,NULL,NULL,1);
insert  into `tb_recipe_sympton`(`i_recsymp_id`,`i_recipe_id`,`i_symp_id`,`v_recsymp_observation`,`i_recsymp_special`,`i_recsymp_status`) values (298,44,2,NULL,NULL,1);
insert  into `tb_recipe_sympton`(`i_recsymp_id`,`i_recipe_id`,`i_symp_id`,`v_recsymp_observation`,`i_recsymp_special`,`i_recsymp_status`) values (299,44,75,NULL,NULL,1);
insert  into `tb_recipe_sympton`(`i_recsymp_id`,`i_recipe_id`,`i_symp_id`,`v_recsymp_observation`,`i_recsymp_special`,`i_recsymp_status`) values (300,44,1,NULL,NULL,1);
insert  into `tb_recipe_sympton`(`i_recsymp_id`,`i_recipe_id`,`i_symp_id`,`v_recsymp_observation`,`i_recsymp_special`,`i_recsymp_status`) values (301,45,54,NULL,NULL,1);
insert  into `tb_recipe_sympton`(`i_recsymp_id`,`i_recipe_id`,`i_symp_id`,`v_recsymp_observation`,`i_recsymp_special`,`i_recsymp_status`) values (302,45,2,NULL,NULL,1);
insert  into `tb_recipe_sympton`(`i_recsymp_id`,`i_recipe_id`,`i_symp_id`,`v_recsymp_observation`,`i_recsymp_special`,`i_recsymp_status`) values (303,45,75,NULL,NULL,1);
insert  into `tb_recipe_sympton`(`i_recsymp_id`,`i_recipe_id`,`i_symp_id`,`v_recsymp_observation`,`i_recsymp_special`,`i_recsymp_status`) values (304,45,1,NULL,NULL,1);
insert  into `tb_recipe_sympton`(`i_recsymp_id`,`i_recipe_id`,`i_symp_id`,`v_recsymp_observation`,`i_recsymp_special`,`i_recsymp_status`) values (305,45,44,NULL,NULL,1);
insert  into `tb_recipe_sympton`(`i_recsymp_id`,`i_recipe_id`,`i_symp_id`,`v_recsymp_observation`,`i_recsymp_special`,`i_recsymp_status`) values (306,46,54,NULL,NULL,1);
insert  into `tb_recipe_sympton`(`i_recsymp_id`,`i_recipe_id`,`i_symp_id`,`v_recsymp_observation`,`i_recsymp_special`,`i_recsymp_status`) values (307,46,2,NULL,NULL,1);
insert  into `tb_recipe_sympton`(`i_recsymp_id`,`i_recipe_id`,`i_symp_id`,`v_recsymp_observation`,`i_recsymp_special`,`i_recsymp_status`) values (308,46,75,NULL,NULL,1);
insert  into `tb_recipe_sympton`(`i_recsymp_id`,`i_recipe_id`,`i_symp_id`,`v_recsymp_observation`,`i_recsymp_special`,`i_recsymp_status`) values (309,46,1,NULL,NULL,1);
insert  into `tb_recipe_sympton`(`i_recsymp_id`,`i_recipe_id`,`i_symp_id`,`v_recsymp_observation`,`i_recsymp_special`,`i_recsymp_status`) values (310,46,68,NULL,NULL,1);
insert  into `tb_recipe_sympton`(`i_recsymp_id`,`i_recipe_id`,`i_symp_id`,`v_recsymp_observation`,`i_recsymp_special`,`i_recsymp_status`) values (311,46,76,NULL,NULL,1);
insert  into `tb_recipe_sympton`(`i_recsymp_id`,`i_recipe_id`,`i_symp_id`,`v_recsymp_observation`,`i_recsymp_special`,`i_recsymp_status`) values (312,46,77,NULL,NULL,1);
insert  into `tb_recipe_sympton`(`i_recsymp_id`,`i_recipe_id`,`i_symp_id`,`v_recsymp_observation`,`i_recsymp_special`,`i_recsymp_status`) values (313,46,78,NULL,NULL,1);
insert  into `tb_recipe_sympton`(`i_recsymp_id`,`i_recipe_id`,`i_symp_id`,`v_recsymp_observation`,`i_recsymp_special`,`i_recsymp_status`) values (314,46,41,NULL,NULL,1);
insert  into `tb_recipe_sympton`(`i_recsymp_id`,`i_recipe_id`,`i_symp_id`,`v_recsymp_observation`,`i_recsymp_special`,`i_recsymp_status`) values (315,46,23,NULL,NULL,1);
insert  into `tb_recipe_sympton`(`i_recsymp_id`,`i_recipe_id`,`i_symp_id`,`v_recsymp_observation`,`i_recsymp_special`,`i_recsymp_status`) values (316,46,17,NULL,NULL,1);
insert  into `tb_recipe_sympton`(`i_recsymp_id`,`i_recipe_id`,`i_symp_id`,`v_recsymp_observation`,`i_recsymp_special`,`i_recsymp_status`) values (317,46,79,'常见支气管哮喘，支气管扩张，肺心病',NULL,1);
insert  into `tb_recipe_sympton`(`i_recsymp_id`,`i_recipe_id`,`i_symp_id`,`v_recsymp_observation`,`i_recsymp_special`,`i_recsymp_status`) values (318,47,3,NULL,NULL,1);
insert  into `tb_recipe_sympton`(`i_recsymp_id`,`i_recipe_id`,`i_symp_id`,`v_recsymp_observation`,`i_recsymp_special`,`i_recsymp_status`) values (319,47,60,NULL,NULL,1);
insert  into `tb_recipe_sympton`(`i_recsymp_id`,`i_recipe_id`,`i_symp_id`,`v_recsymp_observation`,`i_recsymp_special`,`i_recsymp_status`) values (320,47,25,NULL,NULL,1);
insert  into `tb_recipe_sympton`(`i_recsymp_id`,`i_recipe_id`,`i_symp_id`,`v_recsymp_observation`,`i_recsymp_special`,`i_recsymp_status`) values (321,47,54,NULL,NULL,1);
insert  into `tb_recipe_sympton`(`i_recsymp_id`,`i_recipe_id`,`i_symp_id`,`v_recsymp_observation`,`i_recsymp_special`,`i_recsymp_status`) values (322,47,44,NULL,NULL,1);
insert  into `tb_recipe_sympton`(`i_recsymp_id`,`i_recipe_id`,`i_symp_id`,`v_recsymp_observation`,`i_recsymp_special`,`i_recsymp_status`) values (323,47,38,NULL,NULL,1);
insert  into `tb_recipe_sympton`(`i_recsymp_id`,`i_recipe_id`,`i_symp_id`,`v_recsymp_observation`,`i_recsymp_special`,`i_recsymp_status`) values (324,47,17,'各种感冒，感冒， 鼻炎 ，肺炎，肾炎，脑炎，风湿',NULL,1);
insert  into `tb_recipe_sympton`(`i_recsymp_id`,`i_recipe_id`,`i_symp_id`,`v_recsymp_observation`,`i_recsymp_special`,`i_recsymp_status`) values (325,48,68,NULL,NULL,1);
insert  into `tb_recipe_sympton`(`i_recsymp_id`,`i_recipe_id`,`i_symp_id`,`v_recsymp_observation`,`i_recsymp_special`,`i_recsymp_status`) values (326,48,17,NULL,NULL,1);
insert  into `tb_recipe_sympton`(`i_recsymp_id`,`i_recipe_id`,`i_symp_id`,`v_recsymp_observation`,`i_recsymp_special`,`i_recsymp_status`) values (327,48,60,NULL,NULL,1);
insert  into `tb_recipe_sympton`(`i_recsymp_id`,`i_recipe_id`,`i_symp_id`,`v_recsymp_observation`,`i_recsymp_special`,`i_recsymp_status`) values (328,48,61,NULL,NULL,1);
insert  into `tb_recipe_sympton`(`i_recsymp_id`,`i_recipe_id`,`i_symp_id`,`v_recsymp_observation`,`i_recsymp_special`,`i_recsymp_status`) values (329,48,43,NULL,NULL,1);
insert  into `tb_recipe_sympton`(`i_recsymp_id`,`i_recipe_id`,`i_symp_id`,`v_recsymp_observation`,`i_recsymp_special`,`i_recsymp_status`) values (330,48,62,NULL,NULL,1);
insert  into `tb_recipe_sympton`(`i_recsymp_id`,`i_recipe_id`,`i_symp_id`,`v_recsymp_observation`,`i_recsymp_special`,`i_recsymp_status`) values (331,48,25,NULL,NULL,1);
insert  into `tb_recipe_sympton`(`i_recsymp_id`,`i_recipe_id`,`i_symp_id`,`v_recsymp_observation`,`i_recsymp_special`,`i_recsymp_status`) values (332,48,80,NULL,NULL,1);
insert  into `tb_recipe_sympton`(`i_recsymp_id`,`i_recipe_id`,`i_symp_id`,`v_recsymp_observation`,`i_recsymp_special`,`i_recsymp_status`) values (333,49,1,NULL,NULL,1);
insert  into `tb_recipe_sympton`(`i_recsymp_id`,`i_recipe_id`,`i_symp_id`,`v_recsymp_observation`,`i_recsymp_special`,`i_recsymp_status`) values (334,49,60,NULL,NULL,1);
insert  into `tb_recipe_sympton`(`i_recsymp_id`,`i_recipe_id`,`i_symp_id`,`v_recsymp_observation`,`i_recsymp_special`,`i_recsymp_status`) values (335,49,17,NULL,NULL,1);
insert  into `tb_recipe_sympton`(`i_recsymp_id`,`i_recipe_id`,`i_symp_id`,`v_recsymp_observation`,`i_recsymp_special`,`i_recsymp_status`) values (336,49,80,NULL,NULL,1);
insert  into `tb_recipe_sympton`(`i_recsymp_id`,`i_recipe_id`,`i_symp_id`,`v_recsymp_observation`,`i_recsymp_special`,`i_recsymp_status`) values (337,49,81,NULL,NULL,1);
insert  into `tb_recipe_sympton`(`i_recsymp_id`,`i_recipe_id`,`i_symp_id`,`v_recsymp_observation`,`i_recsymp_special`,`i_recsymp_status`) values (338,50,82,NULL,NULL,1);
insert  into `tb_recipe_sympton`(`i_recsymp_id`,`i_recipe_id`,`i_symp_id`,`v_recsymp_observation`,`i_recsymp_special`,`i_recsymp_status`) values (339,50,3,NULL,NULL,1);
insert  into `tb_recipe_sympton`(`i_recsymp_id`,`i_recipe_id`,`i_symp_id`,`v_recsymp_observation`,`i_recsymp_special`,`i_recsymp_status`) values (340,50,15,NULL,NULL,1);
insert  into `tb_recipe_sympton`(`i_recsymp_id`,`i_recipe_id`,`i_symp_id`,`v_recsymp_observation`,`i_recsymp_special`,`i_recsymp_status`) values (341,50,83,NULL,NULL,1);
insert  into `tb_recipe_sympton`(`i_recsymp_id`,`i_recipe_id`,`i_symp_id`,`v_recsymp_observation`,`i_recsymp_special`,`i_recsymp_status`) values (342,50,61,NULL,NULL,1);
insert  into `tb_recipe_sympton`(`i_recsymp_id`,`i_recipe_id`,`i_symp_id`,`v_recsymp_observation`,`i_recsymp_special`,`i_recsymp_status`) values (343,51,3,NULL,NULL,1);
insert  into `tb_recipe_sympton`(`i_recsymp_id`,`i_recipe_id`,`i_symp_id`,`v_recsymp_observation`,`i_recsymp_special`,`i_recsymp_status`) values (344,51,61,NULL,NULL,1);
insert  into `tb_recipe_sympton`(`i_recsymp_id`,`i_recipe_id`,`i_symp_id`,`v_recsymp_observation`,`i_recsymp_special`,`i_recsymp_status`) values (345,51,60,NULL,NULL,1);
insert  into `tb_recipe_sympton`(`i_recsymp_id`,`i_recipe_id`,`i_symp_id`,`v_recsymp_observation`,`i_recsymp_special`,`i_recsymp_status`) values (346,51,84,NULL,NULL,1);
insert  into `tb_recipe_sympton`(`i_recsymp_id`,`i_recipe_id`,`i_symp_id`,`v_recsymp_observation`,`i_recsymp_special`,`i_recsymp_status`) values (347,51,85,NULL,NULL,1);
insert  into `tb_recipe_sympton`(`i_recsymp_id`,`i_recipe_id`,`i_symp_id`,`v_recsymp_observation`,`i_recsymp_special`,`i_recsymp_status`) values (348,51,86,NULL,NULL,1);
insert  into `tb_recipe_sympton`(`i_recsymp_id`,`i_recipe_id`,`i_symp_id`,`v_recsymp_observation`,`i_recsymp_special`,`i_recsymp_status`) values (349,51,66,NULL,NULL,1);
insert  into `tb_recipe_sympton`(`i_recsymp_id`,`i_recipe_id`,`i_symp_id`,`v_recsymp_observation`,`i_recsymp_special`,`i_recsymp_status`) values (350,52,43,NULL,NULL,1);
insert  into `tb_recipe_sympton`(`i_recsymp_id`,`i_recipe_id`,`i_symp_id`,`v_recsymp_observation`,`i_recsymp_special`,`i_recsymp_status`) values (351,52,76,NULL,NULL,1);
insert  into `tb_recipe_sympton`(`i_recsymp_id`,`i_recipe_id`,`i_symp_id`,`v_recsymp_observation`,`i_recsymp_special`,`i_recsymp_status`) values (352,52,87,NULL,NULL,1);
insert  into `tb_recipe_sympton`(`i_recsymp_id`,`i_recipe_id`,`i_symp_id`,`v_recsymp_observation`,`i_recsymp_special`,`i_recsymp_status`) values (353,52,3,NULL,NULL,1);
insert  into `tb_recipe_sympton`(`i_recsymp_id`,`i_recipe_id`,`i_symp_id`,`v_recsymp_observation`,`i_recsymp_special`,`i_recsymp_status`) values (354,52,5,NULL,NULL,1);
insert  into `tb_recipe_sympton`(`i_recsymp_id`,`i_recipe_id`,`i_symp_id`,`v_recsymp_observation`,`i_recsymp_special`,`i_recsymp_status`) values (355,52,88,NULL,NULL,1);
insert  into `tb_recipe_sympton`(`i_recsymp_id`,`i_recipe_id`,`i_symp_id`,`v_recsymp_observation`,`i_recsymp_special`,`i_recsymp_status`) values (356,52,89,'虚而发热肺结核末期，胃虚有热',NULL,1);
insert  into `tb_recipe_sympton`(`i_recsymp_id`,`i_recipe_id`,`i_symp_id`,`v_recsymp_observation`,`i_recsymp_special`,`i_recsymp_status`) values (357,53,90,NULL,NULL,1);
insert  into `tb_recipe_sympton`(`i_recsymp_id`,`i_recipe_id`,`i_symp_id`,`v_recsymp_observation`,`i_recsymp_special`,`i_recsymp_status`) values (358,53,91,NULL,NULL,1);
insert  into `tb_recipe_sympton`(`i_recsymp_id`,`i_recipe_id`,`i_symp_id`,`v_recsymp_observation`,`i_recsymp_special`,`i_recsymp_status`) values (359,53,47,NULL,NULL,1);
insert  into `tb_recipe_sympton`(`i_recsymp_id`,`i_recipe_id`,`i_symp_id`,`v_recsymp_observation`,`i_recsymp_special`,`i_recsymp_status`) values (360,53,24,NULL,NULL,1);
insert  into `tb_recipe_sympton`(`i_recsymp_id`,`i_recipe_id`,`i_symp_id`,`v_recsymp_observation`,`i_recsymp_special`,`i_recsymp_status`) values (361,53,87,NULL,NULL,1);
insert  into `tb_recipe_sympton`(`i_recsymp_id`,`i_recipe_id`,`i_symp_id`,`v_recsymp_observation`,`i_recsymp_special`,`i_recsymp_status`) values (362,53,28,NULL,NULL,1);
insert  into `tb_recipe_sympton`(`i_recsymp_id`,`i_recipe_id`,`i_symp_id`,`v_recsymp_observation`,`i_recsymp_special`,`i_recsymp_status`) values (363,53,48,NULL,NULL,1);
insert  into `tb_recipe_sympton`(`i_recsymp_id`,`i_recipe_id`,`i_symp_id`,`v_recsymp_observation`,`i_recsymp_special`,`i_recsymp_status`) values (364,53,44,NULL,NULL,1);
insert  into `tb_recipe_sympton`(`i_recsymp_id`,`i_recipe_id`,`i_symp_id`,`v_recsymp_observation`,`i_recsymp_special`,`i_recsymp_status`) values (365,53,3,NULL,NULL,1);
insert  into `tb_recipe_sympton`(`i_recsymp_id`,`i_recipe_id`,`i_symp_id`,`v_recsymp_observation`,`i_recsymp_special`,`i_recsymp_status`) values (366,53,2,NULL,NULL,1);
insert  into `tb_recipe_sympton`(`i_recsymp_id`,`i_recipe_id`,`i_symp_id`,`v_recsymp_observation`,`i_recsymp_special`,`i_recsymp_status`) values (367,53,67,NULL,NULL,1);
insert  into `tb_recipe_sympton`(`i_recsymp_id`,`i_recipe_id`,`i_symp_id`,`v_recsymp_observation`,`i_recsymp_special`,`i_recsymp_status`) values (368,53,92,NULL,NULL,1);
insert  into `tb_recipe_sympton`(`i_recsymp_id`,`i_recipe_id`,`i_symp_id`,`v_recsymp_observation`,`i_recsymp_special`,`i_recsymp_status`) values (369,53,93,NULL,NULL,1);
insert  into `tb_recipe_sympton`(`i_recsymp_id`,`i_recipe_id`,`i_symp_id`,`v_recsymp_observation`,`i_recsymp_special`,`i_recsymp_status`) values (370,53,41,NULL,NULL,1);
insert  into `tb_recipe_sympton`(`i_recsymp_id`,`i_recipe_id`,`i_symp_id`,`v_recsymp_observation`,`i_recsymp_special`,`i_recsymp_status`) values (371,53,94,'',1,1);
insert  into `tb_recipe_sympton`(`i_recsymp_id`,`i_recipe_id`,`i_symp_id`,`v_recsymp_observation`,`i_recsymp_special`,`i_recsymp_status`) values (372,54,90,NULL,NULL,1);
insert  into `tb_recipe_sympton`(`i_recsymp_id`,`i_recipe_id`,`i_symp_id`,`v_recsymp_observation`,`i_recsymp_special`,`i_recsymp_status`) values (373,54,91,NULL,NULL,1);
insert  into `tb_recipe_sympton`(`i_recsymp_id`,`i_recipe_id`,`i_symp_id`,`v_recsymp_observation`,`i_recsymp_special`,`i_recsymp_status`) values (374,54,47,NULL,NULL,1);
insert  into `tb_recipe_sympton`(`i_recsymp_id`,`i_recipe_id`,`i_symp_id`,`v_recsymp_observation`,`i_recsymp_special`,`i_recsymp_status`) values (375,54,24,NULL,NULL,1);
insert  into `tb_recipe_sympton`(`i_recsymp_id`,`i_recipe_id`,`i_symp_id`,`v_recsymp_observation`,`i_recsymp_special`,`i_recsymp_status`) values (376,54,87,NULL,NULL,1);
insert  into `tb_recipe_sympton`(`i_recsymp_id`,`i_recipe_id`,`i_symp_id`,`v_recsymp_observation`,`i_recsymp_special`,`i_recsymp_status`) values (377,54,28,NULL,NULL,1);
insert  into `tb_recipe_sympton`(`i_recsymp_id`,`i_recipe_id`,`i_symp_id`,`v_recsymp_observation`,`i_recsymp_special`,`i_recsymp_status`) values (378,54,48,NULL,NULL,1);
insert  into `tb_recipe_sympton`(`i_recsymp_id`,`i_recipe_id`,`i_symp_id`,`v_recsymp_observation`,`i_recsymp_special`,`i_recsymp_status`) values (379,54,44,NULL,NULL,1);
insert  into `tb_recipe_sympton`(`i_recsymp_id`,`i_recipe_id`,`i_symp_id`,`v_recsymp_observation`,`i_recsymp_special`,`i_recsymp_status`) values (380,54,3,NULL,NULL,1);
insert  into `tb_recipe_sympton`(`i_recsymp_id`,`i_recipe_id`,`i_symp_id`,`v_recsymp_observation`,`i_recsymp_special`,`i_recsymp_status`) values (381,54,2,NULL,NULL,1);
insert  into `tb_recipe_sympton`(`i_recsymp_id`,`i_recipe_id`,`i_symp_id`,`v_recsymp_observation`,`i_recsymp_special`,`i_recsymp_status`) values (382,54,67,NULL,NULL,1);
insert  into `tb_recipe_sympton`(`i_recsymp_id`,`i_recipe_id`,`i_symp_id`,`v_recsymp_observation`,`i_recsymp_special`,`i_recsymp_status`) values (383,54,92,NULL,NULL,1);
insert  into `tb_recipe_sympton`(`i_recsymp_id`,`i_recipe_id`,`i_symp_id`,`v_recsymp_observation`,`i_recsymp_special`,`i_recsymp_status`) values (384,54,93,NULL,NULL,1);
insert  into `tb_recipe_sympton`(`i_recsymp_id`,`i_recipe_id`,`i_symp_id`,`v_recsymp_observation`,`i_recsymp_special`,`i_recsymp_status`) values (385,54,41,NULL,NULL,1);
insert  into `tb_recipe_sympton`(`i_recsymp_id`,`i_recipe_id`,`i_symp_id`,`v_recsymp_observation`,`i_recsymp_special`,`i_recsymp_status`) values (386,54,9,NULL,NULL,1);
insert  into `tb_recipe_sympton`(`i_recsymp_id`,`i_recipe_id`,`i_symp_id`,`v_recsymp_observation`,`i_recsymp_special`,`i_recsymp_status`) values (387,54,22,NULL,NULL,1);
insert  into `tb_recipe_sympton`(`i_recsymp_id`,`i_recipe_id`,`i_symp_id`,`v_recsymp_observation`,`i_recsymp_special`,`i_recsymp_status`) values (388,54,18,NULL,NULL,1);
insert  into `tb_recipe_sympton`(`i_recsymp_id`,`i_recipe_id`,`i_symp_id`,`v_recsymp_observation`,`i_recsymp_special`,`i_recsymp_status`) values (389,54,20,NULL,NULL,1);
insert  into `tb_recipe_sympton`(`i_recsymp_id`,`i_recipe_id`,`i_symp_id`,`v_recsymp_observation`,`i_recsymp_special`,`i_recsymp_status`) values (390,54,38,NULL,NULL,1);
insert  into `tb_recipe_sympton`(`i_recsymp_id`,`i_recipe_id`,`i_symp_id`,`v_recsymp_observation`,`i_recsymp_special`,`i_recsymp_status`) values (392,55,47,NULL,NULL,1);
insert  into `tb_recipe_sympton`(`i_recsymp_id`,`i_recipe_id`,`i_symp_id`,`v_recsymp_observation`,`i_recsymp_special`,`i_recsymp_status`) values (393,55,95,NULL,NULL,1);
insert  into `tb_recipe_sympton`(`i_recsymp_id`,`i_recipe_id`,`i_symp_id`,`v_recsymp_observation`,`i_recsymp_special`,`i_recsymp_status`) values (394,55,96,NULL,NULL,1);
insert  into `tb_recipe_sympton`(`i_recsymp_id`,`i_recipe_id`,`i_symp_id`,`v_recsymp_observation`,`i_recsymp_special`,`i_recsymp_status`) values (395,55,97,NULL,NULL,1);
insert  into `tb_recipe_sympton`(`i_recsymp_id`,`i_recipe_id`,`i_symp_id`,`v_recsymp_observation`,`i_recsymp_special`,`i_recsymp_status`) values (396,55,31,NULL,NULL,1);
insert  into `tb_recipe_sympton`(`i_recsymp_id`,`i_recipe_id`,`i_symp_id`,`v_recsymp_observation`,`i_recsymp_special`,`i_recsymp_status`) values (397,55,90,NULL,NULL,1);
insert  into `tb_recipe_sympton`(`i_recsymp_id`,`i_recipe_id`,`i_symp_id`,`v_recsymp_observation`,`i_recsymp_special`,`i_recsymp_status`) values (398,55,98,NULL,NULL,1);
insert  into `tb_recipe_sympton`(`i_recsymp_id`,`i_recipe_id`,`i_symp_id`,`v_recsymp_observation`,`i_recsymp_special`,`i_recsymp_status`) values (399,55,28,NULL,NULL,1);
insert  into `tb_recipe_sympton`(`i_recsymp_id`,`i_recipe_id`,`i_symp_id`,`v_recsymp_observation`,`i_recsymp_special`,`i_recsymp_status`) values (400,55,94,NULL,NULL,1);
insert  into `tb_recipe_sympton`(`i_recsymp_id`,`i_recipe_id`,`i_symp_id`,`v_recsymp_observation`,`i_recsymp_special`,`i_recsymp_status`) values (401,56,3,NULL,NULL,1);
insert  into `tb_recipe_sympton`(`i_recsymp_id`,`i_recipe_id`,`i_symp_id`,`v_recsymp_observation`,`i_recsymp_special`,`i_recsymp_status`) values (402,56,14,NULL,NULL,1);
insert  into `tb_recipe_sympton`(`i_recsymp_id`,`i_recipe_id`,`i_symp_id`,`v_recsymp_observation`,`i_recsymp_special`,`i_recsymp_status`) values (403,56,32,NULL,NULL,1);
insert  into `tb_recipe_sympton`(`i_recsymp_id`,`i_recipe_id`,`i_symp_id`,`v_recsymp_observation`,`i_recsymp_special`,`i_recsymp_status`) values (404,56,15,'难转侧',NULL,1);
insert  into `tb_recipe_sympton`(`i_recsymp_id`,`i_recipe_id`,`i_symp_id`,`v_recsymp_observation`,`i_recsymp_special`,`i_recsymp_status`) values (405,56,1,NULL,NULL,1);
insert  into `tb_recipe_sympton`(`i_recsymp_id`,`i_recipe_id`,`i_symp_id`,`v_recsymp_observation`,`i_recsymp_special`,`i_recsymp_status`) values (406,56,99,NULL,NULL,1);
insert  into `tb_recipe_sympton`(`i_recsymp_id`,`i_recipe_id`,`i_symp_id`,`v_recsymp_observation`,`i_recsymp_special`,`i_recsymp_status`) values (407,56,100,NULL,NULL,1);
insert  into `tb_recipe_sympton`(`i_recsymp_id`,`i_recipe_id`,`i_symp_id`,`v_recsymp_observation`,`i_recsymp_special`,`i_recsymp_status`) values (408,56,98,NULL,NULL,1);
insert  into `tb_recipe_sympton`(`i_recsymp_id`,`i_recipe_id`,`i_symp_id`,`v_recsymp_observation`,`i_recsymp_special`,`i_recsymp_status`) values (409,56,101,'因热',NULL,1);
insert  into `tb_recipe_sympton`(`i_recsymp_id`,`i_recipe_id`,`i_symp_id`,`v_recsymp_observation`,`i_recsymp_special`,`i_recsymp_status`) values (410,56,80,NULL,NULL,1);
insert  into `tb_recipe_sympton`(`i_recsymp_id`,`i_recipe_id`,`i_symp_id`,`v_recsymp_observation`,`i_recsymp_special`,`i_recsymp_status`) values (411,56,102,NULL,NULL,1);
insert  into `tb_recipe_sympton`(`i_recsymp_id`,`i_recipe_id`,`i_symp_id`,`v_recsymp_observation`,`i_recsymp_special`,`i_recsymp_status`) values (413,57,3,NULL,NULL,1);
insert  into `tb_recipe_sympton`(`i_recsymp_id`,`i_recipe_id`,`i_symp_id`,`v_recsymp_observation`,`i_recsymp_special`,`i_recsymp_status`) values (414,57,14,NULL,NULL,1);
insert  into `tb_recipe_sympton`(`i_recsymp_id`,`i_recipe_id`,`i_symp_id`,`v_recsymp_observation`,`i_recsymp_special`,`i_recsymp_status`) values (415,57,32,NULL,NULL,1);
insert  into `tb_recipe_sympton`(`i_recsymp_id`,`i_recipe_id`,`i_symp_id`,`v_recsymp_observation`,`i_recsymp_special`,`i_recsymp_status`) values (416,57,15,'难转侧',NULL,1);
insert  into `tb_recipe_sympton`(`i_recsymp_id`,`i_recipe_id`,`i_symp_id`,`v_recsymp_observation`,`i_recsymp_special`,`i_recsymp_status`) values (417,57,1,NULL,NULL,1);
insert  into `tb_recipe_sympton`(`i_recsymp_id`,`i_recipe_id`,`i_symp_id`,`v_recsymp_observation`,`i_recsymp_special`,`i_recsymp_status`) values (418,57,99,NULL,NULL,1);
insert  into `tb_recipe_sympton`(`i_recsymp_id`,`i_recipe_id`,`i_symp_id`,`v_recsymp_observation`,`i_recsymp_special`,`i_recsymp_status`) values (419,57,100,NULL,NULL,1);
insert  into `tb_recipe_sympton`(`i_recsymp_id`,`i_recipe_id`,`i_symp_id`,`v_recsymp_observation`,`i_recsymp_special`,`i_recsymp_status`) values (420,57,98,NULL,NULL,1);
insert  into `tb_recipe_sympton`(`i_recsymp_id`,`i_recipe_id`,`i_symp_id`,`v_recsymp_observation`,`i_recsymp_special`,`i_recsymp_status`) values (421,57,101,'因热',NULL,1);
insert  into `tb_recipe_sympton`(`i_recsymp_id`,`i_recipe_id`,`i_symp_id`,`v_recsymp_observation`,`i_recsymp_special`,`i_recsymp_status`) values (422,57,80,NULL,NULL,1);
insert  into `tb_recipe_sympton`(`i_recsymp_id`,`i_recipe_id`,`i_symp_id`,`v_recsymp_observation`,`i_recsymp_special`,`i_recsymp_status`) values (423,57,102,NULL,NULL,1);
insert  into `tb_recipe_sympton`(`i_recsymp_id`,`i_recipe_id`,`i_symp_id`,`v_recsymp_observation`,`i_recsymp_special`,`i_recsymp_status`) values (425,57,103,'',1,1);
insert  into `tb_recipe_sympton`(`i_recsymp_id`,`i_recipe_id`,`i_symp_id`,`v_recsymp_observation`,`i_recsymp_special`,`i_recsymp_status`) values (426,58,24,NULL,NULL,1);
insert  into `tb_recipe_sympton`(`i_recsymp_id`,`i_recipe_id`,`i_symp_id`,`v_recsymp_observation`,`i_recsymp_special`,`i_recsymp_status`) values (427,58,100,NULL,NULL,1);
insert  into `tb_recipe_sympton`(`i_recsymp_id`,`i_recipe_id`,`i_symp_id`,`v_recsymp_observation`,`i_recsymp_special`,`i_recsymp_status`) values (428,58,98,NULL,NULL,1);
insert  into `tb_recipe_sympton`(`i_recsymp_id`,`i_recipe_id`,`i_symp_id`,`v_recsymp_observation`,`i_recsymp_special`,`i_recsymp_status`) values (429,58,80,NULL,NULL,1);
insert  into `tb_recipe_sympton`(`i_recsymp_id`,`i_recipe_id`,`i_symp_id`,`v_recsymp_observation`,`i_recsymp_special`,`i_recsymp_status`) values (430,58,3,NULL,NULL,1);
insert  into `tb_recipe_sympton`(`i_recsymp_id`,`i_recipe_id`,`i_symp_id`,`v_recsymp_observation`,`i_recsymp_special`,`i_recsymp_status`) values (431,58,87,NULL,NULL,1);
insert  into `tb_recipe_sympton`(`i_recsymp_id`,`i_recipe_id`,`i_symp_id`,`v_recsymp_observation`,`i_recsymp_special`,`i_recsymp_status`) values (432,58,104,NULL,NULL,1);
insert  into `tb_recipe_sympton`(`i_recsymp_id`,`i_recipe_id`,`i_symp_id`,`v_recsymp_observation`,`i_recsymp_special`,`i_recsymp_status`) values (433,59,105,NULL,NULL,1);
insert  into `tb_recipe_sympton`(`i_recsymp_id`,`i_recipe_id`,`i_symp_id`,`v_recsymp_observation`,`i_recsymp_special`,`i_recsymp_status`) values (434,59,98,NULL,NULL,1);
insert  into `tb_recipe_sympton`(`i_recsymp_id`,`i_recipe_id`,`i_symp_id`,`v_recsymp_observation`,`i_recsymp_special`,`i_recsymp_status`) values (435,59,99,NULL,NULL,1);
insert  into `tb_recipe_sympton`(`i_recsymp_id`,`i_recipe_id`,`i_symp_id`,`v_recsymp_observation`,`i_recsymp_special`,`i_recsymp_status`) values (436,59,104,NULL,NULL,1);
insert  into `tb_recipe_sympton`(`i_recsymp_id`,`i_recipe_id`,`i_symp_id`,`v_recsymp_observation`,`i_recsymp_special`,`i_recsymp_status`) values (437,60,104,NULL,NULL,1);
insert  into `tb_recipe_sympton`(`i_recsymp_id`,`i_recipe_id`,`i_symp_id`,`v_recsymp_observation`,`i_recsymp_special`,`i_recsymp_status`) values (438,60,106,NULL,NULL,1);
insert  into `tb_recipe_sympton`(`i_recsymp_id`,`i_recipe_id`,`i_symp_id`,`v_recsymp_observation`,`i_recsymp_special`,`i_recsymp_status`) values (439,60,98,NULL,NULL,1);
insert  into `tb_recipe_sympton`(`i_recsymp_id`,`i_recipe_id`,`i_symp_id`,`v_recsymp_observation`,`i_recsymp_special`,`i_recsymp_status`) values (440,60,105,NULL,NULL,1);
insert  into `tb_recipe_sympton`(`i_recsymp_id`,`i_recipe_id`,`i_symp_id`,`v_recsymp_observation`,`i_recsymp_special`,`i_recsymp_status`) values (441,60,100,NULL,NULL,1);
insert  into `tb_recipe_sympton`(`i_recsymp_id`,`i_recipe_id`,`i_symp_id`,`v_recsymp_observation`,`i_recsymp_special`,`i_recsymp_status`) values (442,60,25,NULL,NULL,1);
insert  into `tb_recipe_sympton`(`i_recsymp_id`,`i_recipe_id`,`i_symp_id`,`v_recsymp_observation`,`i_recsymp_special`,`i_recsymp_status`) values (443,60,107,NULL,NULL,1);
insert  into `tb_recipe_sympton`(`i_recsymp_id`,`i_recipe_id`,`i_symp_id`,`v_recsymp_observation`,`i_recsymp_special`,`i_recsymp_status`) values (444,60,1,NULL,NULL,1);
insert  into `tb_recipe_sympton`(`i_recsymp_id`,`i_recipe_id`,`i_symp_id`,`v_recsymp_observation`,`i_recsymp_special`,`i_recsymp_status`) values (445,61,108,NULL,NULL,1);
insert  into `tb_recipe_sympton`(`i_recsymp_id`,`i_recipe_id`,`i_symp_id`,`v_recsymp_observation`,`i_recsymp_special`,`i_recsymp_status`) values (446,61,105,NULL,NULL,1);
insert  into `tb_recipe_sympton`(`i_recsymp_id`,`i_recipe_id`,`i_symp_id`,`v_recsymp_observation`,`i_recsymp_special`,`i_recsymp_status`) values (447,61,98,NULL,NULL,1);
insert  into `tb_recipe_sympton`(`i_recsymp_id`,`i_recipe_id`,`i_symp_id`,`v_recsymp_observation`,`i_recsymp_special`,`i_recsymp_status`) values (448,62,24,NULL,NULL,1);
insert  into `tb_recipe_sympton`(`i_recsymp_id`,`i_recipe_id`,`i_symp_id`,`v_recsymp_observation`,`i_recsymp_special`,`i_recsymp_status`) values (449,62,109,NULL,NULL,1);
insert  into `tb_recipe_sympton`(`i_recsymp_id`,`i_recipe_id`,`i_symp_id`,`v_recsymp_observation`,`i_recsymp_special`,`i_recsymp_status`) values (450,62,94,NULL,NULL,1);
insert  into `tb_recipe_sympton`(`i_recsymp_id`,`i_recipe_id`,`i_symp_id`,`v_recsymp_observation`,`i_recsymp_special`,`i_recsymp_status`) values (451,62,110,NULL,NULL,1);
insert  into `tb_recipe_sympton`(`i_recsymp_id`,`i_recipe_id`,`i_symp_id`,`v_recsymp_observation`,`i_recsymp_special`,`i_recsymp_status`) values (452,62,38,NULL,NULL,1);
insert  into `tb_recipe_sympton`(`i_recsymp_id`,`i_recipe_id`,`i_symp_id`,`v_recsymp_observation`,`i_recsymp_special`,`i_recsymp_status`) values (453,62,41,NULL,NULL,1);
insert  into `tb_recipe_sympton`(`i_recsymp_id`,`i_recipe_id`,`i_symp_id`,`v_recsymp_observation`,`i_recsymp_special`,`i_recsymp_status`) values (454,62,62,NULL,NULL,1);
insert  into `tb_recipe_sympton`(`i_recsymp_id`,`i_recipe_id`,`i_symp_id`,`v_recsymp_observation`,`i_recsymp_special`,`i_recsymp_status`) values (455,62,31,NULL,NULL,1);
insert  into `tb_recipe_sympton`(`i_recsymp_id`,`i_recipe_id`,`i_symp_id`,`v_recsymp_observation`,`i_recsymp_special`,`i_recsymp_status`) values (456,63,31,NULL,NULL,1);
insert  into `tb_recipe_sympton`(`i_recsymp_id`,`i_recipe_id`,`i_symp_id`,`v_recsymp_observation`,`i_recsymp_special`,`i_recsymp_status`) values (457,63,109,NULL,NULL,1);
insert  into `tb_recipe_sympton`(`i_recsymp_id`,`i_recipe_id`,`i_symp_id`,`v_recsymp_observation`,`i_recsymp_special`,`i_recsymp_status`) values (458,63,94,NULL,NULL,1);
insert  into `tb_recipe_sympton`(`i_recsymp_id`,`i_recipe_id`,`i_symp_id`,`v_recsymp_observation`,`i_recsymp_special`,`i_recsymp_status`) values (459,64,24,NULL,NULL,1);
insert  into `tb_recipe_sympton`(`i_recsymp_id`,`i_recipe_id`,`i_symp_id`,`v_recsymp_observation`,`i_recsymp_special`,`i_recsymp_status`) values (460,64,109,NULL,NULL,1);
insert  into `tb_recipe_sympton`(`i_recsymp_id`,`i_recipe_id`,`i_symp_id`,`v_recsymp_observation`,`i_recsymp_special`,`i_recsymp_status`) values (461,64,94,NULL,NULL,1);
insert  into `tb_recipe_sympton`(`i_recsymp_id`,`i_recipe_id`,`i_symp_id`,`v_recsymp_observation`,`i_recsymp_special`,`i_recsymp_status`) values (462,64,110,NULL,NULL,1);
insert  into `tb_recipe_sympton`(`i_recsymp_id`,`i_recipe_id`,`i_symp_id`,`v_recsymp_observation`,`i_recsymp_special`,`i_recsymp_status`) values (463,64,38,NULL,NULL,1);
insert  into `tb_recipe_sympton`(`i_recsymp_id`,`i_recipe_id`,`i_symp_id`,`v_recsymp_observation`,`i_recsymp_special`,`i_recsymp_status`) values (464,64,41,NULL,NULL,1);
insert  into `tb_recipe_sympton`(`i_recsymp_id`,`i_recipe_id`,`i_symp_id`,`v_recsymp_observation`,`i_recsymp_special`,`i_recsymp_status`) values (465,64,62,NULL,NULL,1);
insert  into `tb_recipe_sympton`(`i_recsymp_id`,`i_recipe_id`,`i_symp_id`,`v_recsymp_observation`,`i_recsymp_special`,`i_recsymp_status`) values (466,64,111,NULL,NULL,1);
insert  into `tb_recipe_sympton`(`i_recsymp_id`,`i_recipe_id`,`i_symp_id`,`v_recsymp_observation`,`i_recsymp_special`,`i_recsymp_status`) values (467,64,31,NULL,NULL,1);
insert  into `tb_recipe_sympton`(`i_recsymp_id`,`i_recipe_id`,`i_symp_id`,`v_recsymp_observation`,`i_recsymp_special`,`i_recsymp_status`) values (468,65,112,NULL,NULL,1);
insert  into `tb_recipe_sympton`(`i_recsymp_id`,`i_recipe_id`,`i_symp_id`,`v_recsymp_observation`,`i_recsymp_special`,`i_recsymp_status`) values (469,65,94,NULL,NULL,1);
insert  into `tb_recipe_sympton`(`i_recsymp_id`,`i_recipe_id`,`i_symp_id`,`v_recsymp_observation`,`i_recsymp_special`,`i_recsymp_status`) values (470,65,113,NULL,NULL,1);
insert  into `tb_recipe_sympton`(`i_recsymp_id`,`i_recipe_id`,`i_symp_id`,`v_recsymp_observation`,`i_recsymp_special`,`i_recsymp_status`) values (471,66,112,NULL,NULL,1);
insert  into `tb_recipe_sympton`(`i_recsymp_id`,`i_recipe_id`,`i_symp_id`,`v_recsymp_observation`,`i_recsymp_special`,`i_recsymp_status`) values (472,66,94,NULL,NULL,1);
insert  into `tb_recipe_sympton`(`i_recsymp_id`,`i_recipe_id`,`i_symp_id`,`v_recsymp_observation`,`i_recsymp_special`,`i_recsymp_status`) values (473,66,113,NULL,NULL,1);
insert  into `tb_recipe_sympton`(`i_recsymp_id`,`i_recipe_id`,`i_symp_id`,`v_recsymp_observation`,`i_recsymp_special`,`i_recsymp_status`) values (474,66,1,NULL,NULL,1);
insert  into `tb_recipe_sympton`(`i_recsymp_id`,`i_recipe_id`,`i_symp_id`,`v_recsymp_observation`,`i_recsymp_special`,`i_recsymp_status`) values (475,66,98,NULL,NULL,1);
insert  into `tb_recipe_sympton`(`i_recsymp_id`,`i_recipe_id`,`i_symp_id`,`v_recsymp_observation`,`i_recsymp_special`,`i_recsymp_status`) values (476,66,38,NULL,NULL,1);
insert  into `tb_recipe_sympton`(`i_recsymp_id`,`i_recipe_id`,`i_symp_id`,`v_recsymp_observation`,`i_recsymp_special`,`i_recsymp_status`) values (477,67,25,NULL,NULL,1);
insert  into `tb_recipe_sympton`(`i_recsymp_id`,`i_recipe_id`,`i_symp_id`,`v_recsymp_observation`,`i_recsymp_special`,`i_recsymp_status`) values (478,67,114,NULL,NULL,1);
insert  into `tb_recipe_sympton`(`i_recsymp_id`,`i_recipe_id`,`i_symp_id`,`v_recsymp_observation`,`i_recsymp_special`,`i_recsymp_status`) values (479,67,115,NULL,NULL,1);
insert  into `tb_recipe_sympton`(`i_recsymp_id`,`i_recipe_id`,`i_symp_id`,`v_recsymp_observation`,`i_recsymp_special`,`i_recsymp_status`) values (480,68,25,NULL,NULL,1);
insert  into `tb_recipe_sympton`(`i_recsymp_id`,`i_recipe_id`,`i_symp_id`,`v_recsymp_observation`,`i_recsymp_special`,`i_recsymp_status`) values (481,68,114,NULL,NULL,1);
insert  into `tb_recipe_sympton`(`i_recsymp_id`,`i_recipe_id`,`i_symp_id`,`v_recsymp_observation`,`i_recsymp_special`,`i_recsymp_status`) values (482,68,116,'因烦热引起',NULL,1);
insert  into `tb_recipe_sympton`(`i_recsymp_id`,`i_recipe_id`,`i_symp_id`,`v_recsymp_observation`,`i_recsymp_special`,`i_recsymp_status`) values (483,69,25,NULL,NULL,1);
insert  into `tb_recipe_sympton`(`i_recsymp_id`,`i_recipe_id`,`i_symp_id`,`v_recsymp_observation`,`i_recsymp_special`,`i_recsymp_status`) values (484,69,114,NULL,NULL,1);
insert  into `tb_recipe_sympton`(`i_recsymp_id`,`i_recipe_id`,`i_symp_id`,`v_recsymp_observation`,`i_recsymp_special`,`i_recsymp_status`) values (485,69,40,NULL,NULL,1);
insert  into `tb_recipe_sympton`(`i_recsymp_id`,`i_recipe_id`,`i_symp_id`,`v_recsymp_observation`,`i_recsymp_special`,`i_recsymp_status`) values (486,70,25,NULL,NULL,1);
insert  into `tb_recipe_sympton`(`i_recsymp_id`,`i_recipe_id`,`i_symp_id`,`v_recsymp_observation`,`i_recsymp_special`,`i_recsymp_status`) values (487,70,114,NULL,NULL,1);
insert  into `tb_recipe_sympton`(`i_recsymp_id`,`i_recipe_id`,`i_symp_id`,`v_recsymp_observation`,`i_recsymp_special`,`i_recsymp_status`) values (488,70,45,NULL,NULL,1);
insert  into `tb_recipe_sympton`(`i_recsymp_id`,`i_recipe_id`,`i_symp_id`,`v_recsymp_observation`,`i_recsymp_special`,`i_recsymp_status`) values (489,71,25,NULL,NULL,1);
insert  into `tb_recipe_sympton`(`i_recsymp_id`,`i_recipe_id`,`i_symp_id`,`v_recsymp_observation`,`i_recsymp_special`,`i_recsymp_status`) values (490,71,114,NULL,NULL,1);
insert  into `tb_recipe_sympton`(`i_recsymp_id`,`i_recipe_id`,`i_symp_id`,`v_recsymp_observation`,`i_recsymp_special`,`i_recsymp_status`) values (491,71,45,NULL,NULL,1);
insert  into `tb_recipe_sympton`(`i_recsymp_id`,`i_recipe_id`,`i_symp_id`,`v_recsymp_observation`,`i_recsymp_special`,`i_recsymp_status`) values (492,71,94,NULL,NULL,1);
insert  into `tb_recipe_sympton`(`i_recsymp_id`,`i_recipe_id`,`i_symp_id`,`v_recsymp_observation`,`i_recsymp_special`,`i_recsymp_status`) values (493,72,25,NULL,NULL,1);
insert  into `tb_recipe_sympton`(`i_recsymp_id`,`i_recipe_id`,`i_symp_id`,`v_recsymp_observation`,`i_recsymp_special`,`i_recsymp_status`) values (494,72,114,NULL,NULL,1);
insert  into `tb_recipe_sympton`(`i_recsymp_id`,`i_recipe_id`,`i_symp_id`,`v_recsymp_observation`,`i_recsymp_special`,`i_recsymp_status`) values (495,72,45,NULL,NULL,1);
insert  into `tb_recipe_sympton`(`i_recsymp_id`,`i_recipe_id`,`i_symp_id`,`v_recsymp_observation`,`i_recsymp_special`,`i_recsymp_status`) values (496,72,105,NULL,NULL,1);
insert  into `tb_recipe_sympton`(`i_recsymp_id`,`i_recipe_id`,`i_symp_id`,`v_recsymp_observation`,`i_recsymp_special`,`i_recsymp_status`) values (497,72,98,NULL,NULL,1);
insert  into `tb_recipe_sympton`(`i_recsymp_id`,`i_recipe_id`,`i_symp_id`,`v_recsymp_observation`,`i_recsymp_special`,`i_recsymp_status`) values (498,73,24,NULL,NULL,1);
insert  into `tb_recipe_sympton`(`i_recsymp_id`,`i_recipe_id`,`i_symp_id`,`v_recsymp_observation`,`i_recsymp_special`,`i_recsymp_status`) values (499,73,117,NULL,NULL,1);
insert  into `tb_recipe_sympton`(`i_recsymp_id`,`i_recipe_id`,`i_symp_id`,`v_recsymp_observation`,`i_recsymp_special`,`i_recsymp_status`) values (500,74,118,NULL,NULL,1);
insert  into `tb_recipe_sympton`(`i_recsymp_id`,`i_recipe_id`,`i_symp_id`,`v_recsymp_observation`,`i_recsymp_special`,`i_recsymp_status`) values (501,74,14,NULL,NULL,1);
insert  into `tb_recipe_sympton`(`i_recsymp_id`,`i_recipe_id`,`i_symp_id`,`v_recsymp_observation`,`i_recsymp_special`,`i_recsymp_status`) values (502,74,28,NULL,NULL,1);
insert  into `tb_recipe_sympton`(`i_recsymp_id`,`i_recipe_id`,`i_symp_id`,`v_recsymp_observation`,`i_recsymp_special`,`i_recsymp_status`) values (503,74,119,NULL,NULL,1);
insert  into `tb_recipe_sympton`(`i_recsymp_id`,`i_recipe_id`,`i_symp_id`,`v_recsymp_observation`,`i_recsymp_special`,`i_recsymp_status`) values (504,75,118,NULL,NULL,1);
insert  into `tb_recipe_sympton`(`i_recsymp_id`,`i_recipe_id`,`i_symp_id`,`v_recsymp_observation`,`i_recsymp_special`,`i_recsymp_status`) values (505,75,14,NULL,NULL,1);
insert  into `tb_recipe_sympton`(`i_recsymp_id`,`i_recipe_id`,`i_symp_id`,`v_recsymp_observation`,`i_recsymp_special`,`i_recsymp_status`) values (506,75,32,NULL,NULL,1);
insert  into `tb_recipe_sympton`(`i_recsymp_id`,`i_recipe_id`,`i_symp_id`,`v_recsymp_observation`,`i_recsymp_special`,`i_recsymp_status`) values (507,75,120,NULL,NULL,1);
insert  into `tb_recipe_sympton`(`i_recsymp_id`,`i_recipe_id`,`i_symp_id`,`v_recsymp_observation`,`i_recsymp_special`,`i_recsymp_status`) values (508,76,16,NULL,NULL,1);
insert  into `tb_recipe_sympton`(`i_recsymp_id`,`i_recipe_id`,`i_symp_id`,`v_recsymp_observation`,`i_recsymp_special`,`i_recsymp_status`) values (509,76,121,NULL,NULL,1);
insert  into `tb_recipe_sympton`(`i_recsymp_id`,`i_recipe_id`,`i_symp_id`,`v_recsymp_observation`,`i_recsymp_special`,`i_recsymp_status`) values (510,76,3,NULL,NULL,1);
insert  into `tb_recipe_sympton`(`i_recsymp_id`,`i_recipe_id`,`i_symp_id`,`v_recsymp_observation`,`i_recsymp_special`,`i_recsymp_status`) values (511,76,62,NULL,NULL,1);
insert  into `tb_recipe_sympton`(`i_recsymp_id`,`i_recipe_id`,`i_symp_id`,`v_recsymp_observation`,`i_recsymp_special`,`i_recsymp_status`) values (512,76,122,NULL,NULL,1);
insert  into `tb_recipe_sympton`(`i_recsymp_id`,`i_recipe_id`,`i_symp_id`,`v_recsymp_observation`,`i_recsymp_special`,`i_recsymp_status`) values (513,77,123,NULL,NULL,1);
insert  into `tb_recipe_sympton`(`i_recsymp_id`,`i_recipe_id`,`i_symp_id`,`v_recsymp_observation`,`i_recsymp_special`,`i_recsymp_status`) values (514,77,124,NULL,NULL,1);
insert  into `tb_recipe_sympton`(`i_recsymp_id`,`i_recipe_id`,`i_symp_id`,`v_recsymp_observation`,`i_recsymp_special`,`i_recsymp_status`) values (515,77,125,NULL,NULL,1);
insert  into `tb_recipe_sympton`(`i_recsymp_id`,`i_recipe_id`,`i_symp_id`,`v_recsymp_observation`,`i_recsymp_special`,`i_recsymp_status`) values (516,77,126,NULL,NULL,1);
insert  into `tb_recipe_sympton`(`i_recsymp_id`,`i_recipe_id`,`i_symp_id`,`v_recsymp_observation`,`i_recsymp_special`,`i_recsymp_status`) values (517,78,44,NULL,NULL,1);
insert  into `tb_recipe_sympton`(`i_recsymp_id`,`i_recipe_id`,`i_symp_id`,`v_recsymp_observation`,`i_recsymp_special`,`i_recsymp_status`) values (518,78,127,NULL,NULL,1);
insert  into `tb_recipe_sympton`(`i_recsymp_id`,`i_recipe_id`,`i_symp_id`,`v_recsymp_observation`,`i_recsymp_special`,`i_recsymp_status`) values (519,78,14,NULL,NULL,1);
insert  into `tb_recipe_sympton`(`i_recsymp_id`,`i_recipe_id`,`i_symp_id`,`v_recsymp_observation`,`i_recsymp_special`,`i_recsymp_status`) values (520,78,128,NULL,NULL,1);
insert  into `tb_recipe_sympton`(`i_recsymp_id`,`i_recipe_id`,`i_symp_id`,`v_recsymp_observation`,`i_recsymp_special`,`i_recsymp_status`) values (521,78,3,NULL,NULL,1);
insert  into `tb_recipe_sympton`(`i_recsymp_id`,`i_recipe_id`,`i_symp_id`,`v_recsymp_observation`,`i_recsymp_special`,`i_recsymp_status`) values (522,78,24,NULL,NULL,1);
insert  into `tb_recipe_sympton`(`i_recsymp_id`,`i_recipe_id`,`i_symp_id`,`v_recsymp_observation`,`i_recsymp_special`,`i_recsymp_status`) values (523,78,129,NULL,NULL,1);
insert  into `tb_recipe_sympton`(`i_recsymp_id`,`i_recipe_id`,`i_symp_id`,`v_recsymp_observation`,`i_recsymp_special`,`i_recsymp_status`) values (524,78,130,NULL,NULL,1);
insert  into `tb_recipe_sympton`(`i_recsymp_id`,`i_recipe_id`,`i_symp_id`,`v_recsymp_observation`,`i_recsymp_special`,`i_recsymp_status`) values (525,78,131,NULL,NULL,1);
insert  into `tb_recipe_sympton`(`i_recsymp_id`,`i_recipe_id`,`i_symp_id`,`v_recsymp_observation`,`i_recsymp_special`,`i_recsymp_status`) values (526,79,131,NULL,NULL,1);
insert  into `tb_recipe_sympton`(`i_recsymp_id`,`i_recipe_id`,`i_symp_id`,`v_recsymp_observation`,`i_recsymp_special`,`i_recsymp_status`) values (527,79,132,NULL,NULL,1);
insert  into `tb_recipe_sympton`(`i_recsymp_id`,`i_recipe_id`,`i_symp_id`,`v_recsymp_observation`,`i_recsymp_special`,`i_recsymp_status`) values (528,79,133,NULL,NULL,1);
insert  into `tb_recipe_sympton`(`i_recsymp_id`,`i_recipe_id`,`i_symp_id`,`v_recsymp_observation`,`i_recsymp_special`,`i_recsymp_status`) values (529,80,24,NULL,NULL,1);
insert  into `tb_recipe_sympton`(`i_recsymp_id`,`i_recipe_id`,`i_symp_id`,`v_recsymp_observation`,`i_recsymp_special`,`i_recsymp_status`) values (530,80,100,NULL,NULL,1);
insert  into `tb_recipe_sympton`(`i_recsymp_id`,`i_recipe_id`,`i_symp_id`,`v_recsymp_observation`,`i_recsymp_special`,`i_recsymp_status`) values (531,80,98,NULL,NULL,1);
insert  into `tb_recipe_sympton`(`i_recsymp_id`,`i_recipe_id`,`i_symp_id`,`v_recsymp_observation`,`i_recsymp_special`,`i_recsymp_status`) values (532,80,80,NULL,NULL,1);
insert  into `tb_recipe_sympton`(`i_recsymp_id`,`i_recipe_id`,`i_symp_id`,`v_recsymp_observation`,`i_recsymp_special`,`i_recsymp_status`) values (533,80,3,NULL,NULL,1);
insert  into `tb_recipe_sympton`(`i_recsymp_id`,`i_recipe_id`,`i_symp_id`,`v_recsymp_observation`,`i_recsymp_special`,`i_recsymp_status`) values (534,80,87,NULL,NULL,1);
insert  into `tb_recipe_sympton`(`i_recsymp_id`,`i_recipe_id`,`i_symp_id`,`v_recsymp_observation`,`i_recsymp_special`,`i_recsymp_status`) values (535,80,104,NULL,NULL,1);
insert  into `tb_recipe_sympton`(`i_recsymp_id`,`i_recipe_id`,`i_symp_id`,`v_recsymp_observation`,`i_recsymp_special`,`i_recsymp_status`) values (536,80,28,NULL,NULL,1);
insert  into `tb_recipe_sympton`(`i_recsymp_id`,`i_recipe_id`,`i_symp_id`,`v_recsymp_observation`,`i_recsymp_special`,`i_recsymp_status`) values (537,80,9,NULL,NULL,1);
insert  into `tb_recipe_sympton`(`i_recsymp_id`,`i_recipe_id`,`i_symp_id`,`v_recsymp_observation`,`i_recsymp_special`,`i_recsymp_status`) values (538,80,62,NULL,NULL,1);
insert  into `tb_recipe_sympton`(`i_recsymp_id`,`i_recipe_id`,`i_symp_id`,`v_recsymp_observation`,`i_recsymp_special`,`i_recsymp_status`) values (539,81,134,NULL,NULL,1);
insert  into `tb_recipe_sympton`(`i_recsymp_id`,`i_recipe_id`,`i_symp_id`,`v_recsymp_observation`,`i_recsymp_special`,`i_recsymp_status`) values (540,81,135,NULL,NULL,1);
insert  into `tb_recipe_sympton`(`i_recsymp_id`,`i_recipe_id`,`i_symp_id`,`v_recsymp_observation`,`i_recsymp_special`,`i_recsymp_status`) values (541,81,3,NULL,NULL,1);
insert  into `tb_recipe_sympton`(`i_recsymp_id`,`i_recipe_id`,`i_symp_id`,`v_recsymp_observation`,`i_recsymp_special`,`i_recsymp_status`) values (542,82,131,NULL,NULL,1);
insert  into `tb_recipe_sympton`(`i_recsymp_id`,`i_recipe_id`,`i_symp_id`,`v_recsymp_observation`,`i_recsymp_special`,`i_recsymp_status`) values (543,82,132,NULL,NULL,1);
insert  into `tb_recipe_sympton`(`i_recsymp_id`,`i_recipe_id`,`i_symp_id`,`v_recsymp_observation`,`i_recsymp_special`,`i_recsymp_status`) values (544,82,136,NULL,NULL,1);
insert  into `tb_recipe_sympton`(`i_recsymp_id`,`i_recipe_id`,`i_symp_id`,`v_recsymp_observation`,`i_recsymp_special`,`i_recsymp_status`) values (545,82,137,NULL,NULL,1);
insert  into `tb_recipe_sympton`(`i_recsymp_id`,`i_recipe_id`,`i_symp_id`,`v_recsymp_observation`,`i_recsymp_special`,`i_recsymp_status`) values (546,82,94,NULL,NULL,1);
insert  into `tb_recipe_sympton`(`i_recsymp_id`,`i_recipe_id`,`i_symp_id`,`v_recsymp_observation`,`i_recsymp_special`,`i_recsymp_status`) values (547,82,25,NULL,NULL,1);
insert  into `tb_recipe_sympton`(`i_recsymp_id`,`i_recipe_id`,`i_symp_id`,`v_recsymp_observation`,`i_recsymp_special`,`i_recsymp_status`) values (548,83,46,NULL,NULL,1);
insert  into `tb_recipe_sympton`(`i_recsymp_id`,`i_recipe_id`,`i_symp_id`,`v_recsymp_observation`,`i_recsymp_special`,`i_recsymp_status`) values (549,83,138,NULL,NULL,1);
insert  into `tb_recipe_sympton`(`i_recsymp_id`,`i_recipe_id`,`i_symp_id`,`v_recsymp_observation`,`i_recsymp_special`,`i_recsymp_status`) values (550,83,32,NULL,NULL,1);
insert  into `tb_recipe_sympton`(`i_recsymp_id`,`i_recipe_id`,`i_symp_id`,`v_recsymp_observation`,`i_recsymp_special`,`i_recsymp_status`) values (551,83,139,NULL,NULL,1);
insert  into `tb_recipe_sympton`(`i_recsymp_id`,`i_recipe_id`,`i_symp_id`,`v_recsymp_observation`,`i_recsymp_special`,`i_recsymp_status`) values (552,84,140,NULL,NULL,1);
insert  into `tb_recipe_sympton`(`i_recsymp_id`,`i_recipe_id`,`i_symp_id`,`v_recsymp_observation`,`i_recsymp_special`,`i_recsymp_status`) values (553,84,141,NULL,NULL,1);
insert  into `tb_recipe_sympton`(`i_recsymp_id`,`i_recipe_id`,`i_symp_id`,`v_recsymp_observation`,`i_recsymp_special`,`i_recsymp_status`) values (554,84,142,NULL,NULL,1);
insert  into `tb_recipe_sympton`(`i_recsymp_id`,`i_recipe_id`,`i_symp_id`,`v_recsymp_observation`,`i_recsymp_special`,`i_recsymp_status`) values (555,84,25,NULL,NULL,1);
insert  into `tb_recipe_sympton`(`i_recsymp_id`,`i_recipe_id`,`i_symp_id`,`v_recsymp_observation`,`i_recsymp_special`,`i_recsymp_status`) values (556,85,140,NULL,NULL,1);
insert  into `tb_recipe_sympton`(`i_recsymp_id`,`i_recipe_id`,`i_symp_id`,`v_recsymp_observation`,`i_recsymp_special`,`i_recsymp_status`) values (557,85,143,NULL,NULL,1);
insert  into `tb_recipe_sympton`(`i_recsymp_id`,`i_recipe_id`,`i_symp_id`,`v_recsymp_observation`,`i_recsymp_special`,`i_recsymp_status`) values (558,85,144,NULL,NULL,1);
insert  into `tb_recipe_sympton`(`i_recsymp_id`,`i_recipe_id`,`i_symp_id`,`v_recsymp_observation`,`i_recsymp_special`,`i_recsymp_status`) values (559,86,68,NULL,NULL,1);
insert  into `tb_recipe_sympton`(`i_recsymp_id`,`i_recipe_id`,`i_symp_id`,`v_recsymp_observation`,`i_recsymp_special`,`i_recsymp_status`) values (560,86,62,NULL,NULL,1);
insert  into `tb_recipe_sympton`(`i_recsymp_id`,`i_recipe_id`,`i_symp_id`,`v_recsymp_observation`,`i_recsymp_special`,`i_recsymp_status`) values (561,86,46,NULL,NULL,1);
insert  into `tb_recipe_sympton`(`i_recsymp_id`,`i_recipe_id`,`i_symp_id`,`v_recsymp_observation`,`i_recsymp_special`,`i_recsymp_status`) values (562,86,31,NULL,NULL,1);
insert  into `tb_recipe_sympton`(`i_recsymp_id`,`i_recipe_id`,`i_symp_id`,`v_recsymp_observation`,`i_recsymp_special`,`i_recsymp_status`) values (563,86,132,NULL,NULL,1);
insert  into `tb_recipe_sympton`(`i_recsymp_id`,`i_recipe_id`,`i_symp_id`,`v_recsymp_observation`,`i_recsymp_special`,`i_recsymp_status`) values (564,86,43,NULL,NULL,1);
insert  into `tb_recipe_sympton`(`i_recsymp_id`,`i_recipe_id`,`i_symp_id`,`v_recsymp_observation`,`i_recsymp_special`,`i_recsymp_status`) values (565,86,1,NULL,NULL,1);
insert  into `tb_recipe_sympton`(`i_recsymp_id`,`i_recipe_id`,`i_symp_id`,`v_recsymp_observation`,`i_recsymp_special`,`i_recsymp_status`) values (566,86,105,NULL,NULL,1);
insert  into `tb_recipe_sympton`(`i_recsymp_id`,`i_recipe_id`,`i_symp_id`,`v_recsymp_observation`,`i_recsymp_special`,`i_recsymp_status`) values (567,86,94,NULL,NULL,1);
insert  into `tb_recipe_sympton`(`i_recsymp_id`,`i_recipe_id`,`i_symp_id`,`v_recsymp_observation`,`i_recsymp_special`,`i_recsymp_status`) values (568,87,145,NULL,NULL,1);
insert  into `tb_recipe_sympton`(`i_recsymp_id`,`i_recipe_id`,`i_symp_id`,`v_recsymp_observation`,`i_recsymp_special`,`i_recsymp_status`) values (569,87,94,NULL,NULL,1);
insert  into `tb_recipe_sympton`(`i_recsymp_id`,`i_recipe_id`,`i_symp_id`,`v_recsymp_observation`,`i_recsymp_special`,`i_recsymp_status`) values (570,87,146,NULL,NULL,1);
insert  into `tb_recipe_sympton`(`i_recsymp_id`,`i_recipe_id`,`i_symp_id`,`v_recsymp_observation`,`i_recsymp_special`,`i_recsymp_status`) values (571,87,46,NULL,NULL,1);
insert  into `tb_recipe_sympton`(`i_recsymp_id`,`i_recipe_id`,`i_symp_id`,`v_recsymp_observation`,`i_recsymp_special`,`i_recsymp_status`) values (572,87,147,NULL,NULL,1);
insert  into `tb_recipe_sympton`(`i_recsymp_id`,`i_recipe_id`,`i_symp_id`,`v_recsymp_observation`,`i_recsymp_special`,`i_recsymp_status`) values (573,87,38,NULL,NULL,1);
insert  into `tb_recipe_sympton`(`i_recsymp_id`,`i_recipe_id`,`i_symp_id`,`v_recsymp_observation`,`i_recsymp_special`,`i_recsymp_status`) values (574,87,87,NULL,NULL,1);
insert  into `tb_recipe_sympton`(`i_recsymp_id`,`i_recipe_id`,`i_symp_id`,`v_recsymp_observation`,`i_recsymp_special`,`i_recsymp_status`) values (575,87,80,NULL,NULL,1);
insert  into `tb_recipe_sympton`(`i_recsymp_id`,`i_recipe_id`,`i_symp_id`,`v_recsymp_observation`,`i_recsymp_special`,`i_recsymp_status`) values (576,87,102,NULL,NULL,1);
insert  into `tb_recipe_sympton`(`i_recsymp_id`,`i_recipe_id`,`i_symp_id`,`v_recsymp_observation`,`i_recsymp_special`,`i_recsymp_status`) values (577,87,98,NULL,NULL,1);
insert  into `tb_recipe_sympton`(`i_recsymp_id`,`i_recipe_id`,`i_symp_id`,`v_recsymp_observation`,`i_recsymp_special`,`i_recsymp_status`) values (578,87,3,NULL,NULL,1);
insert  into `tb_recipe_sympton`(`i_recsymp_id`,`i_recipe_id`,`i_symp_id`,`v_recsymp_observation`,`i_recsymp_special`,`i_recsymp_status`) values (579,87,32,NULL,NULL,1);
insert  into `tb_recipe_sympton`(`i_recsymp_id`,`i_recipe_id`,`i_symp_id`,`v_recsymp_observation`,`i_recsymp_special`,`i_recsymp_status`) values (580,88,62,NULL,NULL,1);
insert  into `tb_recipe_sympton`(`i_recsymp_id`,`i_recipe_id`,`i_symp_id`,`v_recsymp_observation`,`i_recsymp_special`,`i_recsymp_status`) values (581,88,148,NULL,NULL,1);
insert  into `tb_recipe_sympton`(`i_recsymp_id`,`i_recipe_id`,`i_symp_id`,`v_recsymp_observation`,`i_recsymp_special`,`i_recsymp_status`) values (582,88,24,NULL,NULL,1);
insert  into `tb_recipe_sympton`(`i_recsymp_id`,`i_recipe_id`,`i_symp_id`,`v_recsymp_observation`,`i_recsymp_special`,`i_recsymp_status`) values (583,88,149,NULL,NULL,1);
insert  into `tb_recipe_sympton`(`i_recsymp_id`,`i_recipe_id`,`i_symp_id`,`v_recsymp_observation`,`i_recsymp_special`,`i_recsymp_status`) values (584,88,150,NULL,NULL,1);
insert  into `tb_recipe_sympton`(`i_recsymp_id`,`i_recipe_id`,`i_symp_id`,`v_recsymp_observation`,`i_recsymp_special`,`i_recsymp_status`) values (585,88,151,NULL,NULL,1);
insert  into `tb_recipe_sympton`(`i_recsymp_id`,`i_recipe_id`,`i_symp_id`,`v_recsymp_observation`,`i_recsymp_special`,`i_recsymp_status`) values (586,89,16,NULL,NULL,1);
insert  into `tb_recipe_sympton`(`i_recsymp_id`,`i_recipe_id`,`i_symp_id`,`v_recsymp_observation`,`i_recsymp_special`,`i_recsymp_status`) values (587,89,17,NULL,NULL,1);
insert  into `tb_recipe_sympton`(`i_recsymp_id`,`i_recipe_id`,`i_symp_id`,`v_recsymp_observation`,`i_recsymp_special`,`i_recsymp_status`) values (588,89,152,NULL,NULL,1);
insert  into `tb_recipe_sympton`(`i_recsymp_id`,`i_recipe_id`,`i_symp_id`,`v_recsymp_observation`,`i_recsymp_special`,`i_recsymp_status`) values (589,90,90,NULL,NULL,1);
insert  into `tb_recipe_sympton`(`i_recsymp_id`,`i_recipe_id`,`i_symp_id`,`v_recsymp_observation`,`i_recsymp_special`,`i_recsymp_status`) values (590,90,148,NULL,NULL,1);
insert  into `tb_recipe_sympton`(`i_recsymp_id`,`i_recipe_id`,`i_symp_id`,`v_recsymp_observation`,`i_recsymp_special`,`i_recsymp_status`) values (591,90,153,NULL,NULL,1);
insert  into `tb_recipe_sympton`(`i_recsymp_id`,`i_recipe_id`,`i_symp_id`,`v_recsymp_observation`,`i_recsymp_special`,`i_recsymp_status`) values (592,90,154,NULL,NULL,1);
insert  into `tb_recipe_sympton`(`i_recsymp_id`,`i_recipe_id`,`i_symp_id`,`v_recsymp_observation`,`i_recsymp_special`,`i_recsymp_status`) values (593,90,24,NULL,NULL,1);
insert  into `tb_recipe_sympton`(`i_recsymp_id`,`i_recipe_id`,`i_symp_id`,`v_recsymp_observation`,`i_recsymp_special`,`i_recsymp_status`) values (594,90,87,NULL,NULL,1);
insert  into `tb_recipe_sympton`(`i_recsymp_id`,`i_recipe_id`,`i_symp_id`,`v_recsymp_observation`,`i_recsymp_special`,`i_recsymp_status`) values (595,90,28,NULL,NULL,1);
insert  into `tb_recipe_sympton`(`i_recsymp_id`,`i_recipe_id`,`i_symp_id`,`v_recsymp_observation`,`i_recsymp_special`,`i_recsymp_status`) values (596,90,93,NULL,NULL,1);
insert  into `tb_recipe_sympton`(`i_recsymp_id`,`i_recipe_id`,`i_symp_id`,`v_recsymp_observation`,`i_recsymp_special`,`i_recsymp_status`) values (597,90,48,NULL,NULL,1);
insert  into `tb_recipe_sympton`(`i_recsymp_id`,`i_recipe_id`,`i_symp_id`,`v_recsymp_observation`,`i_recsymp_special`,`i_recsymp_status`) values (598,90,46,NULL,NULL,1);
insert  into `tb_recipe_sympton`(`i_recsymp_id`,`i_recipe_id`,`i_symp_id`,`v_recsymp_observation`,`i_recsymp_special`,`i_recsymp_status`) values (599,90,3,NULL,NULL,1);
insert  into `tb_recipe_sympton`(`i_recsymp_id`,`i_recipe_id`,`i_symp_id`,`v_recsymp_observation`,`i_recsymp_special`,`i_recsymp_status`) values (600,90,2,NULL,NULL,1);
insert  into `tb_recipe_sympton`(`i_recsymp_id`,`i_recipe_id`,`i_symp_id`,`v_recsymp_observation`,`i_recsymp_special`,`i_recsymp_status`) values (601,90,155,NULL,NULL,1);
insert  into `tb_recipe_sympton`(`i_recsymp_id`,`i_recipe_id`,`i_symp_id`,`v_recsymp_observation`,`i_recsymp_special`,`i_recsymp_status`) values (602,90,41,NULL,NULL,1);
insert  into `tb_recipe_sympton`(`i_recsymp_id`,`i_recipe_id`,`i_symp_id`,`v_recsymp_observation`,`i_recsymp_special`,`i_recsymp_status`) values (603,91,90,NULL,NULL,1);
insert  into `tb_recipe_sympton`(`i_recsymp_id`,`i_recipe_id`,`i_symp_id`,`v_recsymp_observation`,`i_recsymp_special`,`i_recsymp_status`) values (604,91,148,NULL,NULL,1);
insert  into `tb_recipe_sympton`(`i_recsymp_id`,`i_recipe_id`,`i_symp_id`,`v_recsymp_observation`,`i_recsymp_special`,`i_recsymp_status`) values (605,91,153,NULL,NULL,1);
insert  into `tb_recipe_sympton`(`i_recsymp_id`,`i_recipe_id`,`i_symp_id`,`v_recsymp_observation`,`i_recsymp_special`,`i_recsymp_status`) values (606,91,154,NULL,NULL,1);
insert  into `tb_recipe_sympton`(`i_recsymp_id`,`i_recipe_id`,`i_symp_id`,`v_recsymp_observation`,`i_recsymp_special`,`i_recsymp_status`) values (607,91,24,NULL,NULL,1);
insert  into `tb_recipe_sympton`(`i_recsymp_id`,`i_recipe_id`,`i_symp_id`,`v_recsymp_observation`,`i_recsymp_special`,`i_recsymp_status`) values (608,91,28,NULL,NULL,1);
insert  into `tb_recipe_sympton`(`i_recsymp_id`,`i_recipe_id`,`i_symp_id`,`v_recsymp_observation`,`i_recsymp_special`,`i_recsymp_status`) values (609,91,93,NULL,NULL,1);
insert  into `tb_recipe_sympton`(`i_recsymp_id`,`i_recipe_id`,`i_symp_id`,`v_recsymp_observation`,`i_recsymp_special`,`i_recsymp_status`) values (610,91,48,NULL,NULL,1);
insert  into `tb_recipe_sympton`(`i_recsymp_id`,`i_recipe_id`,`i_symp_id`,`v_recsymp_observation`,`i_recsymp_special`,`i_recsymp_status`) values (611,91,46,NULL,NULL,1);
insert  into `tb_recipe_sympton`(`i_recsymp_id`,`i_recipe_id`,`i_symp_id`,`v_recsymp_observation`,`i_recsymp_special`,`i_recsymp_status`) values (612,91,3,NULL,NULL,1);
insert  into `tb_recipe_sympton`(`i_recsymp_id`,`i_recipe_id`,`i_symp_id`,`v_recsymp_observation`,`i_recsymp_special`,`i_recsymp_status`) values (613,91,2,NULL,NULL,1);
insert  into `tb_recipe_sympton`(`i_recsymp_id`,`i_recipe_id`,`i_symp_id`,`v_recsymp_observation`,`i_recsymp_special`,`i_recsymp_status`) values (614,91,155,NULL,NULL,1);
insert  into `tb_recipe_sympton`(`i_recsymp_id`,`i_recipe_id`,`i_symp_id`,`v_recsymp_observation`,`i_recsymp_special`,`i_recsymp_status`) values (615,91,41,NULL,NULL,1);
insert  into `tb_recipe_sympton`(`i_recsymp_id`,`i_recipe_id`,`i_symp_id`,`v_recsymp_observation`,`i_recsymp_special`,`i_recsymp_status`) values (616,91,14,NULL,NULL,1);
insert  into `tb_recipe_sympton`(`i_recsymp_id`,`i_recipe_id`,`i_symp_id`,`v_recsymp_observation`,`i_recsymp_special`,`i_recsymp_status`) values (617,92,90,NULL,NULL,1);
insert  into `tb_recipe_sympton`(`i_recsymp_id`,`i_recipe_id`,`i_symp_id`,`v_recsymp_observation`,`i_recsymp_special`,`i_recsymp_status`) values (618,92,148,NULL,NULL,1);
insert  into `tb_recipe_sympton`(`i_recsymp_id`,`i_recipe_id`,`i_symp_id`,`v_recsymp_observation`,`i_recsymp_special`,`i_recsymp_status`) values (619,92,153,NULL,NULL,1);
insert  into `tb_recipe_sympton`(`i_recsymp_id`,`i_recipe_id`,`i_symp_id`,`v_recsymp_observation`,`i_recsymp_special`,`i_recsymp_status`) values (620,92,154,NULL,NULL,1);
insert  into `tb_recipe_sympton`(`i_recsymp_id`,`i_recipe_id`,`i_symp_id`,`v_recsymp_observation`,`i_recsymp_special`,`i_recsymp_status`) values (621,92,24,NULL,NULL,1);
insert  into `tb_recipe_sympton`(`i_recsymp_id`,`i_recipe_id`,`i_symp_id`,`v_recsymp_observation`,`i_recsymp_special`,`i_recsymp_status`) values (622,92,87,NULL,NULL,1);
insert  into `tb_recipe_sympton`(`i_recsymp_id`,`i_recipe_id`,`i_symp_id`,`v_recsymp_observation`,`i_recsymp_special`,`i_recsymp_status`) values (623,92,28,NULL,NULL,1);
insert  into `tb_recipe_sympton`(`i_recsymp_id`,`i_recipe_id`,`i_symp_id`,`v_recsymp_observation`,`i_recsymp_special`,`i_recsymp_status`) values (624,92,93,NULL,NULL,1);
insert  into `tb_recipe_sympton`(`i_recsymp_id`,`i_recipe_id`,`i_symp_id`,`v_recsymp_observation`,`i_recsymp_special`,`i_recsymp_status`) values (625,92,48,NULL,NULL,1);
insert  into `tb_recipe_sympton`(`i_recsymp_id`,`i_recipe_id`,`i_symp_id`,`v_recsymp_observation`,`i_recsymp_special`,`i_recsymp_status`) values (626,92,46,NULL,NULL,1);
insert  into `tb_recipe_sympton`(`i_recsymp_id`,`i_recipe_id`,`i_symp_id`,`v_recsymp_observation`,`i_recsymp_special`,`i_recsymp_status`) values (627,92,3,NULL,NULL,1);
insert  into `tb_recipe_sympton`(`i_recsymp_id`,`i_recipe_id`,`i_symp_id`,`v_recsymp_observation`,`i_recsymp_special`,`i_recsymp_status`) values (628,92,2,NULL,NULL,1);
insert  into `tb_recipe_sympton`(`i_recsymp_id`,`i_recipe_id`,`i_symp_id`,`v_recsymp_observation`,`i_recsymp_special`,`i_recsymp_status`) values (629,92,155,NULL,NULL,1);
insert  into `tb_recipe_sympton`(`i_recsymp_id`,`i_recipe_id`,`i_symp_id`,`v_recsymp_observation`,`i_recsymp_special`,`i_recsymp_status`) values (630,92,41,NULL,NULL,1);
insert  into `tb_recipe_sympton`(`i_recsymp_id`,`i_recipe_id`,`i_symp_id`,`v_recsymp_observation`,`i_recsymp_special`,`i_recsymp_status`) values (631,92,1,NULL,NULL,1);
insert  into `tb_recipe_sympton`(`i_recsymp_id`,`i_recipe_id`,`i_symp_id`,`v_recsymp_observation`,`i_recsymp_special`,`i_recsymp_status`) values (634,92,4,NULL,NULL,1);
insert  into `tb_recipe_sympton`(`i_recsymp_id`,`i_recipe_id`,`i_symp_id`,`v_recsymp_observation`,`i_recsymp_special`,`i_recsymp_status`) values (635,92,5,NULL,NULL,1);
insert  into `tb_recipe_sympton`(`i_recsymp_id`,`i_recipe_id`,`i_symp_id`,`v_recsymp_observation`,`i_recsymp_special`,`i_recsymp_status`) values (636,92,6,NULL,NULL,1);
insert  into `tb_recipe_sympton`(`i_recsymp_id`,`i_recipe_id`,`i_symp_id`,`v_recsymp_observation`,`i_recsymp_special`,`i_recsymp_status`) values (637,92,7,NULL,NULL,1);
insert  into `tb_recipe_sympton`(`i_recsymp_id`,`i_recipe_id`,`i_symp_id`,`v_recsymp_observation`,`i_recsymp_special`,`i_recsymp_status`) values (638,92,8,'（服用过麻黄汤）或下之 （服用过泻药）',NULL,1);
insert  into `tb_recipe_sympton`(`i_recsymp_id`,`i_recipe_id`,`i_symp_id`,`v_recsymp_observation`,`i_recsymp_special`,`i_recsymp_status`) values (639,93,47,NULL,NULL,1);
insert  into `tb_recipe_sympton`(`i_recsymp_id`,`i_recipe_id`,`i_symp_id`,`v_recsymp_observation`,`i_recsymp_special`,`i_recsymp_status`) values (640,93,28,NULL,NULL,1);
insert  into `tb_recipe_sympton`(`i_recsymp_id`,`i_recipe_id`,`i_symp_id`,`v_recsymp_observation`,`i_recsymp_special`,`i_recsymp_status`) values (641,93,92,NULL,NULL,1);
insert  into `tb_recipe_sympton`(`i_recsymp_id`,`i_recipe_id`,`i_symp_id`,`v_recsymp_observation`,`i_recsymp_special`,`i_recsymp_status`) values (642,94,3,NULL,NULL,1);
insert  into `tb_recipe_sympton`(`i_recsymp_id`,`i_recipe_id`,`i_symp_id`,`v_recsymp_observation`,`i_recsymp_special`,`i_recsymp_status`) values (643,94,35,NULL,NULL,1);
insert  into `tb_recipe_sympton`(`i_recsymp_id`,`i_recipe_id`,`i_symp_id`,`v_recsymp_observation`,`i_recsymp_special`,`i_recsymp_status`) values (644,94,28,NULL,NULL,1);
insert  into `tb_recipe_sympton`(`i_recsymp_id`,`i_recipe_id`,`i_symp_id`,`v_recsymp_observation`,`i_recsymp_special`,`i_recsymp_status`) values (645,95,3,NULL,NULL,1);
insert  into `tb_recipe_sympton`(`i_recsymp_id`,`i_recipe_id`,`i_symp_id`,`v_recsymp_observation`,`i_recsymp_special`,`i_recsymp_status`) values (646,95,35,NULL,NULL,1);
insert  into `tb_recipe_sympton`(`i_recsymp_id`,`i_recipe_id`,`i_symp_id`,`v_recsymp_observation`,`i_recsymp_special`,`i_recsymp_status`) values (647,95,28,NULL,NULL,1);
insert  into `tb_recipe_sympton`(`i_recsymp_id`,`i_recipe_id`,`i_symp_id`,`v_recsymp_observation`,`i_recsymp_special`,`i_recsymp_status`) values (648,95,157,NULL,NULL,1);
insert  into `tb_recipe_sympton`(`i_recsymp_id`,`i_recipe_id`,`i_symp_id`,`v_recsymp_observation`,`i_recsymp_special`,`i_recsymp_status`) values (649,95,40,NULL,NULL,1);
insert  into `tb_recipe_sympton`(`i_recsymp_id`,`i_recipe_id`,`i_symp_id`,`v_recsymp_observation`,`i_recsymp_special`,`i_recsymp_status`) values (650,96,28,NULL,NULL,1);
insert  into `tb_recipe_sympton`(`i_recsymp_id`,`i_recipe_id`,`i_symp_id`,`v_recsymp_observation`,`i_recsymp_special`,`i_recsymp_status`) values (651,96,38,NULL,NULL,1);
insert  into `tb_recipe_sympton`(`i_recsymp_id`,`i_recipe_id`,`i_symp_id`,`v_recsymp_observation`,`i_recsymp_special`,`i_recsymp_status`) values (652,96,18,NULL,NULL,1);
insert  into `tb_recipe_sympton`(`i_recsymp_id`,`i_recipe_id`,`i_symp_id`,`v_recsymp_observation`,`i_recsymp_special`,`i_recsymp_status`) values (653,96,44,NULL,NULL,1);
insert  into `tb_recipe_sympton`(`i_recsymp_id`,`i_recipe_id`,`i_symp_id`,`v_recsymp_observation`,`i_recsymp_special`,`i_recsymp_status`) values (654,96,158,NULL,NULL,1);
insert  into `tb_recipe_sympton`(`i_recsymp_id`,`i_recipe_id`,`i_symp_id`,`v_recsymp_observation`,`i_recsymp_special`,`i_recsymp_status`) values (655,96,3,NULL,NULL,1);
insert  into `tb_recipe_sympton`(`i_recsymp_id`,`i_recipe_id`,`i_symp_id`,`v_recsymp_observation`,`i_recsymp_special`,`i_recsymp_status`) values (656,97,9,NULL,NULL,1);
insert  into `tb_recipe_sympton`(`i_recsymp_id`,`i_recipe_id`,`i_symp_id`,`v_recsymp_observation`,`i_recsymp_special`,`i_recsymp_status`) values (657,97,90,NULL,NULL,1);
insert  into `tb_recipe_sympton`(`i_recsymp_id`,`i_recipe_id`,`i_symp_id`,`v_recsymp_observation`,`i_recsymp_special`,`i_recsymp_status`) values (658,97,28,NULL,NULL,1);
insert  into `tb_recipe_sympton`(`i_recsymp_id`,`i_recipe_id`,`i_symp_id`,`v_recsymp_observation`,`i_recsymp_special`,`i_recsymp_status`) values (659,98,77,NULL,NULL,1);
insert  into `tb_recipe_sympton`(`i_recsymp_id`,`i_recipe_id`,`i_symp_id`,`v_recsymp_observation`,`i_recsymp_special`,`i_recsymp_status`) values (660,98,159,NULL,NULL,1);
insert  into `tb_recipe_sympton`(`i_recsymp_id`,`i_recipe_id`,`i_symp_id`,`v_recsymp_observation`,`i_recsymp_special`,`i_recsymp_status`) values (661,98,91,NULL,NULL,1);
insert  into `tb_recipe_sympton`(`i_recsymp_id`,`i_recipe_id`,`i_symp_id`,`v_recsymp_observation`,`i_recsymp_special`,`i_recsymp_status`) values (662,98,96,NULL,NULL,1);
insert  into `tb_recipe_sympton`(`i_recsymp_id`,`i_recipe_id`,`i_symp_id`,`v_recsymp_observation`,`i_recsymp_special`,`i_recsymp_status`) values (663,98,75,NULL,NULL,1);
insert  into `tb_recipe_sympton`(`i_recsymp_id`,`i_recipe_id`,`i_symp_id`,`v_recsymp_observation`,`i_recsymp_special`,`i_recsymp_status`) values (664,99,37,NULL,NULL,1);
insert  into `tb_recipe_sympton`(`i_recsymp_id`,`i_recipe_id`,`i_symp_id`,`v_recsymp_observation`,`i_recsymp_special`,`i_recsymp_status`) values (665,99,160,NULL,NULL,1);
insert  into `tb_recipe_sympton`(`i_recsymp_id`,`i_recipe_id`,`i_symp_id`,`v_recsymp_observation`,`i_recsymp_special`,`i_recsymp_status`) values (666,100,31,NULL,NULL,1);
insert  into `tb_recipe_sympton`(`i_recsymp_id`,`i_recipe_id`,`i_symp_id`,`v_recsymp_observation`,`i_recsymp_special`,`i_recsymp_status`) values (667,100,92,NULL,NULL,1);
insert  into `tb_recipe_sympton`(`i_recsymp_id`,`i_recipe_id`,`i_symp_id`,`v_recsymp_observation`,`i_recsymp_special`,`i_recsymp_status`) values (668,100,36,NULL,NULL,1);
insert  into `tb_recipe_sympton`(`i_recsymp_id`,`i_recipe_id`,`i_symp_id`,`v_recsymp_observation`,`i_recsymp_special`,`i_recsymp_status`) values (669,100,28,NULL,NULL,1);
insert  into `tb_recipe_sympton`(`i_recsymp_id`,`i_recipe_id`,`i_symp_id`,`v_recsymp_observation`,`i_recsymp_special`,`i_recsymp_status`) values (670,100,105,NULL,NULL,1);
insert  into `tb_recipe_sympton`(`i_recsymp_id`,`i_recipe_id`,`i_symp_id`,`v_recsymp_observation`,`i_recsymp_special`,`i_recsymp_status`) values (671,100,35,NULL,NULL,1);
insert  into `tb_recipe_sympton`(`i_recsymp_id`,`i_recipe_id`,`i_symp_id`,`v_recsymp_observation`,`i_recsymp_special`,`i_recsymp_status`) values (672,101,37,NULL,NULL,1);
insert  into `tb_recipe_sympton`(`i_recsymp_id`,`i_recipe_id`,`i_symp_id`,`v_recsymp_observation`,`i_recsymp_special`,`i_recsymp_status`) values (673,101,1,NULL,NULL,1);
insert  into `tb_recipe_sympton`(`i_recsymp_id`,`i_recipe_id`,`i_symp_id`,`v_recsymp_observation`,`i_recsymp_special`,`i_recsymp_status`) values (674,101,161,NULL,NULL,1);
insert  into `tb_recipe_sympton`(`i_recsymp_id`,`i_recipe_id`,`i_symp_id`,`v_recsymp_observation`,`i_recsymp_special`,`i_recsymp_status`) values (675,101,101,NULL,NULL,1);
insert  into `tb_recipe_sympton`(`i_recsymp_id`,`i_recipe_id`,`i_symp_id`,`v_recsymp_observation`,`i_recsymp_special`,`i_recsymp_status`) values (676,101,162,NULL,NULL,1);
insert  into `tb_recipe_sympton`(`i_recsymp_id`,`i_recipe_id`,`i_symp_id`,`v_recsymp_observation`,`i_recsymp_special`,`i_recsymp_status`) values (677,102,37,NULL,NULL,1);
insert  into `tb_recipe_sympton`(`i_recsymp_id`,`i_recipe_id`,`i_symp_id`,`v_recsymp_observation`,`i_recsymp_special`,`i_recsymp_status`) values (678,102,1,NULL,NULL,1);
insert  into `tb_recipe_sympton`(`i_recsymp_id`,`i_recipe_id`,`i_symp_id`,`v_recsymp_observation`,`i_recsymp_special`,`i_recsymp_status`) values (679,102,161,NULL,NULL,1);
insert  into `tb_recipe_sympton`(`i_recsymp_id`,`i_recipe_id`,`i_symp_id`,`v_recsymp_observation`,`i_recsymp_special`,`i_recsymp_status`) values (680,102,101,NULL,NULL,1);
insert  into `tb_recipe_sympton`(`i_recsymp_id`,`i_recipe_id`,`i_symp_id`,`v_recsymp_observation`,`i_recsymp_special`,`i_recsymp_status`) values (681,102,162,NULL,NULL,1);
insert  into `tb_recipe_sympton`(`i_recsymp_id`,`i_recipe_id`,`i_symp_id`,`v_recsymp_observation`,`i_recsymp_special`,`i_recsymp_status`) values (682,103,37,NULL,NULL,1);
insert  into `tb_recipe_sympton`(`i_recsymp_id`,`i_recipe_id`,`i_symp_id`,`v_recsymp_observation`,`i_recsymp_special`,`i_recsymp_status`) values (683,103,1,NULL,NULL,1);
insert  into `tb_recipe_sympton`(`i_recsymp_id`,`i_recipe_id`,`i_symp_id`,`v_recsymp_observation`,`i_recsymp_special`,`i_recsymp_status`) values (684,103,161,NULL,NULL,1);
insert  into `tb_recipe_sympton`(`i_recsymp_id`,`i_recipe_id`,`i_symp_id`,`v_recsymp_observation`,`i_recsymp_special`,`i_recsymp_status`) values (685,103,101,NULL,NULL,1);
insert  into `tb_recipe_sympton`(`i_recsymp_id`,`i_recipe_id`,`i_symp_id`,`v_recsymp_observation`,`i_recsymp_special`,`i_recsymp_status`) values (686,103,162,NULL,NULL,1);
insert  into `tb_recipe_sympton`(`i_recsymp_id`,`i_recipe_id`,`i_symp_id`,`v_recsymp_observation`,`i_recsymp_special`,`i_recsymp_status`) values (687,103,31,NULL,NULL,1);
insert  into `tb_recipe_sympton`(`i_recsymp_id`,`i_recipe_id`,`i_symp_id`,`v_recsymp_observation`,`i_recsymp_special`,`i_recsymp_status`) values (688,104,37,NULL,NULL,1);
insert  into `tb_recipe_sympton`(`i_recsymp_id`,`i_recipe_id`,`i_symp_id`,`v_recsymp_observation`,`i_recsymp_special`,`i_recsymp_status`) values (689,104,1,NULL,NULL,1);
insert  into `tb_recipe_sympton`(`i_recsymp_id`,`i_recipe_id`,`i_symp_id`,`v_recsymp_observation`,`i_recsymp_special`,`i_recsymp_status`) values (690,104,161,NULL,NULL,1);
insert  into `tb_recipe_sympton`(`i_recsymp_id`,`i_recipe_id`,`i_symp_id`,`v_recsymp_observation`,`i_recsymp_special`,`i_recsymp_status`) values (691,104,101,NULL,NULL,1);
insert  into `tb_recipe_sympton`(`i_recsymp_id`,`i_recipe_id`,`i_symp_id`,`v_recsymp_observation`,`i_recsymp_special`,`i_recsymp_status`) values (692,104,162,NULL,NULL,1);
insert  into `tb_recipe_sympton`(`i_recsymp_id`,`i_recipe_id`,`i_symp_id`,`v_recsymp_observation`,`i_recsymp_special`,`i_recsymp_status`) values (693,104,31,NULL,NULL,1);
insert  into `tb_recipe_sympton`(`i_recsymp_id`,`i_recipe_id`,`i_symp_id`,`v_recsymp_observation`,`i_recsymp_special`,`i_recsymp_status`) values (694,104,48,NULL,NULL,1);
insert  into `tb_recipe_sympton`(`i_recsymp_id`,`i_recipe_id`,`i_symp_id`,`v_recsymp_observation`,`i_recsymp_special`,`i_recsymp_status`) values (695,104,44,NULL,NULL,1);
insert  into `tb_recipe_sympton`(`i_recsymp_id`,`i_recipe_id`,`i_symp_id`,`v_recsymp_observation`,`i_recsymp_special`,`i_recsymp_status`) values (696,104,25,NULL,NULL,1);
insert  into `tb_recipe_sympton`(`i_recsymp_id`,`i_recipe_id`,`i_symp_id`,`v_recsymp_observation`,`i_recsymp_special`,`i_recsymp_status`) values (697,104,28,NULL,NULL,1);
insert  into `tb_recipe_sympton`(`i_recsymp_id`,`i_recipe_id`,`i_symp_id`,`v_recsymp_observation`,`i_recsymp_special`,`i_recsymp_status`) values (698,104,105,NULL,NULL,1);
insert  into `tb_recipe_sympton`(`i_recsymp_id`,`i_recipe_id`,`i_symp_id`,`v_recsymp_observation`,`i_recsymp_special`,`i_recsymp_status`) values (699,104,87,NULL,NULL,1);
insert  into `tb_recipe_sympton`(`i_recsymp_id`,`i_recipe_id`,`i_symp_id`,`v_recsymp_observation`,`i_recsymp_special`,`i_recsymp_status`) values (700,105,37,NULL,NULL,1);
insert  into `tb_recipe_sympton`(`i_recsymp_id`,`i_recipe_id`,`i_symp_id`,`v_recsymp_observation`,`i_recsymp_special`,`i_recsymp_status`) values (701,105,82,NULL,NULL,1);
insert  into `tb_recipe_sympton`(`i_recsymp_id`,`i_recipe_id`,`i_symp_id`,`v_recsymp_observation`,`i_recsymp_special`,`i_recsymp_status`) values (702,105,160,NULL,NULL,1);
insert  into `tb_recipe_sympton`(`i_recsymp_id`,`i_recipe_id`,`i_symp_id`,`v_recsymp_observation`,`i_recsymp_special`,`i_recsymp_status`) values (703,105,163,NULL,NULL,1);
insert  into `tb_recipe_sympton`(`i_recsymp_id`,`i_recipe_id`,`i_symp_id`,`v_recsymp_observation`,`i_recsymp_special`,`i_recsymp_status`) values (704,105,130,NULL,NULL,1);
insert  into `tb_recipe_sympton`(`i_recsymp_id`,`i_recipe_id`,`i_symp_id`,`v_recsymp_observation`,`i_recsymp_special`,`i_recsymp_status`) values (705,106,164,NULL,NULL,1);
insert  into `tb_recipe_sympton`(`i_recsymp_id`,`i_recipe_id`,`i_symp_id`,`v_recsymp_observation`,`i_recsymp_special`,`i_recsymp_status`) values (706,106,145,NULL,NULL,1);
insert  into `tb_recipe_sympton`(`i_recsymp_id`,`i_recipe_id`,`i_symp_id`,`v_recsymp_observation`,`i_recsymp_special`,`i_recsymp_status`) values (707,106,157,NULL,NULL,1);
insert  into `tb_recipe_sympton`(`i_recsymp_id`,`i_recipe_id`,`i_symp_id`,`v_recsymp_observation`,`i_recsymp_special`,`i_recsymp_status`) values (708,106,47,NULL,NULL,1);
insert  into `tb_recipe_sympton`(`i_recsymp_id`,`i_recipe_id`,`i_symp_id`,`v_recsymp_observation`,`i_recsymp_special`,`i_recsymp_status`) values (709,106,37,NULL,NULL,1);
insert  into `tb_recipe_sympton`(`i_recsymp_id`,`i_recipe_id`,`i_symp_id`,`v_recsymp_observation`,`i_recsymp_special`,`i_recsymp_status`) values (710,107,56,'虚寒证',NULL,1);
insert  into `tb_recipe_sympton`(`i_recsymp_id`,`i_recipe_id`,`i_symp_id`,`v_recsymp_observation`,`i_recsymp_special`,`i_recsymp_status`) values (711,108,37,NULL,NULL,1);
insert  into `tb_recipe_sympton`(`i_recsymp_id`,`i_recipe_id`,`i_symp_id`,`v_recsymp_observation`,`i_recsymp_special`,`i_recsymp_status`) values (712,108,164,NULL,NULL,1);
insert  into `tb_recipe_sympton`(`i_recsymp_id`,`i_recipe_id`,`i_symp_id`,`v_recsymp_observation`,`i_recsymp_special`,`i_recsymp_status`) values (713,108,48,NULL,NULL,1);
insert  into `tb_recipe_sympton`(`i_recsymp_id`,`i_recipe_id`,`i_symp_id`,`v_recsymp_observation`,`i_recsymp_special`,`i_recsymp_status`) values (714,108,40,NULL,NULL,1);
insert  into `tb_recipe_sympton`(`i_recsymp_id`,`i_recipe_id`,`i_symp_id`,`v_recsymp_observation`,`i_recsymp_special`,`i_recsymp_status`) values (715,109,165,NULL,NULL,1);
insert  into `tb_recipe_sympton`(`i_recsymp_id`,`i_recipe_id`,`i_symp_id`,`v_recsymp_observation`,`i_recsymp_special`,`i_recsymp_status`) values (716,109,166,NULL,NULL,1);
insert  into `tb_recipe_sympton`(`i_recsymp_id`,`i_recipe_id`,`i_symp_id`,`v_recsymp_observation`,`i_recsymp_special`,`i_recsymp_status`) values (717,110,40,'',1,1);
insert  into `tb_recipe_sympton`(`i_recsymp_id`,`i_recipe_id`,`i_symp_id`,`v_recsymp_observation`,`i_recsymp_special`,`i_recsymp_status`) values (718,110,87,NULL,NULL,1);
insert  into `tb_recipe_sympton`(`i_recsymp_id`,`i_recipe_id`,`i_symp_id`,`v_recsymp_observation`,`i_recsymp_special`,`i_recsymp_status`) values (719,110,41,NULL,NULL,1);
insert  into `tb_recipe_sympton`(`i_recsymp_id`,`i_recipe_id`,`i_symp_id`,`v_recsymp_observation`,`i_recsymp_special`,`i_recsymp_status`) values (720,110,75,'',1,1);
insert  into `tb_recipe_sympton`(`i_recsymp_id`,`i_recipe_id`,`i_symp_id`,`v_recsymp_observation`,`i_recsymp_special`,`i_recsymp_status`) values (721,110,105,NULL,NULL,1);
insert  into `tb_recipe_sympton`(`i_recsymp_id`,`i_recipe_id`,`i_symp_id`,`v_recsymp_observation`,`i_recsymp_special`,`i_recsymp_status`) values (722,111,40,NULL,NULL,1);
insert  into `tb_recipe_sympton`(`i_recsymp_id`,`i_recipe_id`,`i_symp_id`,`v_recsymp_observation`,`i_recsymp_special`,`i_recsymp_status`) values (723,111,87,NULL,NULL,1);
insert  into `tb_recipe_sympton`(`i_recsymp_id`,`i_recipe_id`,`i_symp_id`,`v_recsymp_observation`,`i_recsymp_special`,`i_recsymp_status`) values (724,111,41,NULL,NULL,1);
insert  into `tb_recipe_sympton`(`i_recsymp_id`,`i_recipe_id`,`i_symp_id`,`v_recsymp_observation`,`i_recsymp_special`,`i_recsymp_status`) values (725,111,75,NULL,NULL,1);
insert  into `tb_recipe_sympton`(`i_recsymp_id`,`i_recipe_id`,`i_symp_id`,`v_recsymp_observation`,`i_recsymp_special`,`i_recsymp_status`) values (726,111,105,NULL,NULL,1);
insert  into `tb_recipe_sympton`(`i_recsymp_id`,`i_recipe_id`,`i_symp_id`,`v_recsymp_observation`,`i_recsymp_special`,`i_recsymp_status`) values (727,111,18,NULL,NULL,1);
insert  into `tb_recipe_sympton`(`i_recsymp_id`,`i_recipe_id`,`i_symp_id`,`v_recsymp_observation`,`i_recsymp_special`,`i_recsymp_status`) values (728,111,38,NULL,NULL,1);
insert  into `tb_recipe_sympton`(`i_recsymp_id`,`i_recipe_id`,`i_symp_id`,`v_recsymp_observation`,`i_recsymp_special`,`i_recsymp_status`) values (729,111,31,NULL,NULL,1);
insert  into `tb_recipe_sympton`(`i_recsymp_id`,`i_recipe_id`,`i_symp_id`,`v_recsymp_observation`,`i_recsymp_special`,`i_recsymp_status`) values (730,112,31,NULL,NULL,1);
insert  into `tb_recipe_sympton`(`i_recsymp_id`,`i_recipe_id`,`i_symp_id`,`v_recsymp_observation`,`i_recsymp_special`,`i_recsymp_status`) values (731,112,40,NULL,NULL,1);
insert  into `tb_recipe_sympton`(`i_recsymp_id`,`i_recipe_id`,`i_symp_id`,`v_recsymp_observation`,`i_recsymp_special`,`i_recsymp_status`) values (732,113,148,NULL,NULL,1);
insert  into `tb_recipe_sympton`(`i_recsymp_id`,`i_recipe_id`,`i_symp_id`,`v_recsymp_observation`,`i_recsymp_special`,`i_recsymp_status`) values (733,113,62,NULL,NULL,1);
insert  into `tb_recipe_sympton`(`i_recsymp_id`,`i_recipe_id`,`i_symp_id`,`v_recsymp_observation`,`i_recsymp_special`,`i_recsymp_status`) values (734,113,167,NULL,NULL,1);
insert  into `tb_recipe_sympton`(`i_recsymp_id`,`i_recipe_id`,`i_symp_id`,`v_recsymp_observation`,`i_recsymp_special`,`i_recsymp_status`) values (735,113,168,NULL,NULL,1);
insert  into `tb_recipe_sympton`(`i_recsymp_id`,`i_recipe_id`,`i_symp_id`,`v_recsymp_observation`,`i_recsymp_special`,`i_recsymp_status`) values (736,114,105,NULL,NULL,1);
insert  into `tb_recipe_sympton`(`i_recsymp_id`,`i_recipe_id`,`i_symp_id`,`v_recsymp_observation`,`i_recsymp_special`,`i_recsymp_status`) values (737,114,98,NULL,NULL,1);
insert  into `tb_recipe_sympton`(`i_recsymp_id`,`i_recipe_id`,`i_symp_id`,`v_recsymp_observation`,`i_recsymp_special`,`i_recsymp_status`) values (738,114,31,NULL,NULL,1);
insert  into `tb_recipe_sympton`(`i_recsymp_id`,`i_recipe_id`,`i_symp_id`,`v_recsymp_observation`,`i_recsymp_special`,`i_recsymp_status`) values (739,114,75,NULL,NULL,1);
insert  into `tb_recipe_sympton`(`i_recsymp_id`,`i_recipe_id`,`i_symp_id`,`v_recsymp_observation`,`i_recsymp_special`,`i_recsymp_status`) values (740,115,28,NULL,NULL,1);
insert  into `tb_recipe_sympton`(`i_recsymp_id`,`i_recipe_id`,`i_symp_id`,`v_recsymp_observation`,`i_recsymp_special`,`i_recsymp_status`) values (741,115,57,NULL,NULL,1);
insert  into `tb_recipe_sympton`(`i_recsymp_id`,`i_recipe_id`,`i_symp_id`,`v_recsymp_observation`,`i_recsymp_special`,`i_recsymp_status`) values (742,115,40,NULL,NULL,1);
insert  into `tb_recipe_sympton`(`i_recsymp_id`,`i_recipe_id`,`i_symp_id`,`v_recsymp_observation`,`i_recsymp_special`,`i_recsymp_status`) values (743,115,169,NULL,NULL,1);
insert  into `tb_recipe_sympton`(`i_recsymp_id`,`i_recipe_id`,`i_symp_id`,`v_recsymp_observation`,`i_recsymp_special`,`i_recsymp_status`) values (744,115,164,NULL,NULL,1);
insert  into `tb_recipe_sympton`(`i_recsymp_id`,`i_recipe_id`,`i_symp_id`,`v_recsymp_observation`,`i_recsymp_special`,`i_recsymp_status`) values (745,115,170,NULL,NULL,1);
insert  into `tb_recipe_sympton`(`i_recsymp_id`,`i_recipe_id`,`i_symp_id`,`v_recsymp_observation`,`i_recsymp_special`,`i_recsymp_status`) values (746,116,171,NULL,NULL,1);
insert  into `tb_recipe_sympton`(`i_recsymp_id`,`i_recipe_id`,`i_symp_id`,`v_recsymp_observation`,`i_recsymp_special`,`i_recsymp_status`) values (747,116,172,NULL,NULL,1);
insert  into `tb_recipe_sympton`(`i_recsymp_id`,`i_recipe_id`,`i_symp_id`,`v_recsymp_observation`,`i_recsymp_special`,`i_recsymp_status`) values (748,116,173,NULL,NULL,1);
insert  into `tb_recipe_sympton`(`i_recsymp_id`,`i_recipe_id`,`i_symp_id`,`v_recsymp_observation`,`i_recsymp_special`,`i_recsymp_status`) values (749,117,171,NULL,NULL,1);
insert  into `tb_recipe_sympton`(`i_recsymp_id`,`i_recipe_id`,`i_symp_id`,`v_recsymp_observation`,`i_recsymp_special`,`i_recsymp_status`) values (750,117,174,NULL,NULL,1);
insert  into `tb_recipe_sympton`(`i_recsymp_id`,`i_recipe_id`,`i_symp_id`,`v_recsymp_observation`,`i_recsymp_special`,`i_recsymp_status`) values (751,117,62,NULL,NULL,1);
insert  into `tb_recipe_sympton`(`i_recsymp_id`,`i_recipe_id`,`i_symp_id`,`v_recsymp_observation`,`i_recsymp_special`,`i_recsymp_status`) values (752,117,41,NULL,NULL,1);
insert  into `tb_recipe_sympton`(`i_recsymp_id`,`i_recipe_id`,`i_symp_id`,`v_recsymp_observation`,`i_recsymp_special`,`i_recsymp_status`) values (753,117,87,NULL,NULL,1);
insert  into `tb_recipe_sympton`(`i_recsymp_id`,`i_recipe_id`,`i_symp_id`,`v_recsymp_observation`,`i_recsymp_special`,`i_recsymp_status`) values (754,117,31,NULL,NULL,1);
insert  into `tb_recipe_sympton`(`i_recsymp_id`,`i_recipe_id`,`i_symp_id`,`v_recsymp_observation`,`i_recsymp_special`,`i_recsymp_status`) values (755,117,37,NULL,NULL,1);
insert  into `tb_recipe_sympton`(`i_recsymp_id`,`i_recipe_id`,`i_symp_id`,`v_recsymp_observation`,`i_recsymp_special`,`i_recsymp_status`) values (756,117,38,NULL,NULL,1);
insert  into `tb_recipe_sympton`(`i_recsymp_id`,`i_recipe_id`,`i_symp_id`,`v_recsymp_observation`,`i_recsymp_special`,`i_recsymp_status`) values (757,118,68,NULL,NULL,1);
insert  into `tb_recipe_sympton`(`i_recsymp_id`,`i_recipe_id`,`i_symp_id`,`v_recsymp_observation`,`i_recsymp_special`,`i_recsymp_status`) values (758,118,175,NULL,NULL,1);
insert  into `tb_recipe_sympton`(`i_recsymp_id`,`i_recipe_id`,`i_symp_id`,`v_recsymp_observation`,`i_recsymp_special`,`i_recsymp_status`) values (759,118,40,NULL,NULL,1);
insert  into `tb_recipe_sympton`(`i_recsymp_id`,`i_recipe_id`,`i_symp_id`,`v_recsymp_observation`,`i_recsymp_special`,`i_recsymp_status`) values (760,118,31,NULL,NULL,1);
insert  into `tb_recipe_sympton`(`i_recsymp_id`,`i_recipe_id`,`i_symp_id`,`v_recsymp_observation`,`i_recsymp_special`,`i_recsymp_status`) values (761,118,172,NULL,NULL,1);
insert  into `tb_recipe_sympton`(`i_recsymp_id`,`i_recipe_id`,`i_symp_id`,`v_recsymp_observation`,`i_recsymp_special`,`i_recsymp_status`) values (762,119,16,NULL,NULL,1);
insert  into `tb_recipe_sympton`(`i_recsymp_id`,`i_recipe_id`,`i_symp_id`,`v_recsymp_observation`,`i_recsymp_special`,`i_recsymp_status`) values (763,119,176,NULL,NULL,1);
insert  into `tb_recipe_sympton`(`i_recsymp_id`,`i_recipe_id`,`i_symp_id`,`v_recsymp_observation`,`i_recsymp_special`,`i_recsymp_status`) values (764,119,96,NULL,NULL,1);
insert  into `tb_recipe_sympton`(`i_recsymp_id`,`i_recipe_id`,`i_symp_id`,`v_recsymp_observation`,`i_recsymp_special`,`i_recsymp_status`) values (765,119,177,NULL,NULL,1);
insert  into `tb_recipe_sympton`(`i_recsymp_id`,`i_recipe_id`,`i_symp_id`,`v_recsymp_observation`,`i_recsymp_special`,`i_recsymp_status`) values (766,120,172,NULL,NULL,1);
insert  into `tb_recipe_sympton`(`i_recsymp_id`,`i_recipe_id`,`i_symp_id`,`v_recsymp_observation`,`i_recsymp_special`,`i_recsymp_status`) values (767,120,80,NULL,NULL,1);
insert  into `tb_recipe_sympton`(`i_recsymp_id`,`i_recipe_id`,`i_symp_id`,`v_recsymp_observation`,`i_recsymp_special`,`i_recsymp_status`) values (768,120,75,NULL,NULL,1);
insert  into `tb_recipe_sympton`(`i_recsymp_id`,`i_recipe_id`,`i_symp_id`,`v_recsymp_observation`,`i_recsymp_special`,`i_recsymp_status`) values (769,120,173,NULL,NULL,1);
insert  into `tb_recipe_sympton`(`i_recsymp_id`,`i_recipe_id`,`i_symp_id`,`v_recsymp_observation`,`i_recsymp_special`,`i_recsymp_status`) values (770,120,34,NULL,NULL,1);
insert  into `tb_recipe_sympton`(`i_recsymp_id`,`i_recipe_id`,`i_symp_id`,`v_recsymp_observation`,`i_recsymp_special`,`i_recsymp_status`) values (771,120,40,NULL,NULL,1);
insert  into `tb_recipe_sympton`(`i_recsymp_id`,`i_recipe_id`,`i_symp_id`,`v_recsymp_observation`,`i_recsymp_special`,`i_recsymp_status`) values (772,121,172,NULL,NULL,1);
insert  into `tb_recipe_sympton`(`i_recsymp_id`,`i_recipe_id`,`i_symp_id`,`v_recsymp_observation`,`i_recsymp_special`,`i_recsymp_status`) values (773,121,80,NULL,NULL,1);
insert  into `tb_recipe_sympton`(`i_recsymp_id`,`i_recipe_id`,`i_symp_id`,`v_recsymp_observation`,`i_recsymp_special`,`i_recsymp_status`) values (774,121,75,NULL,NULL,1);
insert  into `tb_recipe_sympton`(`i_recsymp_id`,`i_recipe_id`,`i_symp_id`,`v_recsymp_observation`,`i_recsymp_special`,`i_recsymp_status`) values (775,121,173,NULL,NULL,1);
insert  into `tb_recipe_sympton`(`i_recsymp_id`,`i_recipe_id`,`i_symp_id`,`v_recsymp_observation`,`i_recsymp_special`,`i_recsymp_status`) values (776,121,34,NULL,NULL,1);
insert  into `tb_recipe_sympton`(`i_recsymp_id`,`i_recipe_id`,`i_symp_id`,`v_recsymp_observation`,`i_recsymp_special`,`i_recsymp_status`) values (777,121,40,NULL,NULL,1);
insert  into `tb_recipe_sympton`(`i_recsymp_id`,`i_recipe_id`,`i_symp_id`,`v_recsymp_observation`,`i_recsymp_special`,`i_recsymp_status`) values (778,121,178,NULL,NULL,1);
insert  into `tb_recipe_sympton`(`i_recsymp_id`,`i_recipe_id`,`i_symp_id`,`v_recsymp_observation`,`i_recsymp_special`,`i_recsymp_status`) values (779,121,179,NULL,NULL,1);
insert  into `tb_recipe_sympton`(`i_recsymp_id`,`i_recipe_id`,`i_symp_id`,`v_recsymp_observation`,`i_recsymp_special`,`i_recsymp_status`) values (780,121,180,NULL,NULL,1);
insert  into `tb_recipe_sympton`(`i_recsymp_id`,`i_recipe_id`,`i_symp_id`,`v_recsymp_observation`,`i_recsymp_special`,`i_recsymp_status`) values (781,122,31,NULL,NULL,1);
insert  into `tb_recipe_sympton`(`i_recsymp_id`,`i_recipe_id`,`i_symp_id`,`v_recsymp_observation`,`i_recsymp_special`,`i_recsymp_status`) values (782,122,40,NULL,NULL,1);
insert  into `tb_recipe_sympton`(`i_recsymp_id`,`i_recipe_id`,`i_symp_id`,`v_recsymp_observation`,`i_recsymp_special`,`i_recsymp_status`) values (783,122,80,NULL,NULL,1);
insert  into `tb_recipe_sympton`(`i_recsymp_id`,`i_recipe_id`,`i_symp_id`,`v_recsymp_observation`,`i_recsymp_special`,`i_recsymp_status`) values (784,122,75,NULL,NULL,1);
insert  into `tb_recipe_sympton`(`i_recsymp_id`,`i_recipe_id`,`i_symp_id`,`v_recsymp_observation`,`i_recsymp_special`,`i_recsymp_status`) values (785,122,181,NULL,NULL,1);
insert  into `tb_recipe_sympton`(`i_recsymp_id`,`i_recipe_id`,`i_symp_id`,`v_recsymp_observation`,`i_recsymp_special`,`i_recsymp_status`) values (786,123,171,NULL,NULL,1);
insert  into `tb_recipe_sympton`(`i_recsymp_id`,`i_recipe_id`,`i_symp_id`,`v_recsymp_observation`,`i_recsymp_special`,`i_recsymp_status`) values (787,123,182,NULL,NULL,1);
insert  into `tb_recipe_sympton`(`i_recsymp_id`,`i_recipe_id`,`i_symp_id`,`v_recsymp_observation`,`i_recsymp_special`,`i_recsymp_status`) values (788,124,183,NULL,NULL,1);
insert  into `tb_recipe_sympton`(`i_recsymp_id`,`i_recipe_id`,`i_symp_id`,`v_recsymp_observation`,`i_recsymp_special`,`i_recsymp_status`) values (789,124,43,NULL,NULL,1);
insert  into `tb_recipe_sympton`(`i_recsymp_id`,`i_recipe_id`,`i_symp_id`,`v_recsymp_observation`,`i_recsymp_special`,`i_recsymp_status`) values (790,124,184,NULL,NULL,1);
insert  into `tb_recipe_sympton`(`i_recsymp_id`,`i_recipe_id`,`i_symp_id`,`v_recsymp_observation`,`i_recsymp_special`,`i_recsymp_status`) values (791,124,62,NULL,NULL,1);
insert  into `tb_recipe_sympton`(`i_recsymp_id`,`i_recipe_id`,`i_symp_id`,`v_recsymp_observation`,`i_recsymp_special`,`i_recsymp_status`) values (792,125,148,NULL,NULL,1);
insert  into `tb_recipe_sympton`(`i_recsymp_id`,`i_recipe_id`,`i_symp_id`,`v_recsymp_observation`,`i_recsymp_special`,`i_recsymp_status`) values (793,125,105,NULL,NULL,1);
insert  into `tb_recipe_sympton`(`i_recsymp_id`,`i_recipe_id`,`i_symp_id`,`v_recsymp_observation`,`i_recsymp_special`,`i_recsymp_status`) values (794,125,31,NULL,NULL,1);
insert  into `tb_recipe_sympton`(`i_recsymp_id`,`i_recipe_id`,`i_symp_id`,`v_recsymp_observation`,`i_recsymp_special`,`i_recsymp_status`) values (795,125,169,NULL,NULL,1);
insert  into `tb_recipe_sympton`(`i_recsymp_id`,`i_recipe_id`,`i_symp_id`,`v_recsymp_observation`,`i_recsymp_special`,`i_recsymp_status`) values (797,125,32,NULL,NULL,1);
insert  into `tb_recipe_sympton`(`i_recsymp_id`,`i_recipe_id`,`i_symp_id`,`v_recsymp_observation`,`i_recsymp_special`,`i_recsymp_status`) values (798,125,34,NULL,NULL,1);
insert  into `tb_recipe_sympton`(`i_recsymp_id`,`i_recipe_id`,`i_symp_id`,`v_recsymp_observation`,`i_recsymp_special`,`i_recsymp_status`) values (799,125,43,NULL,NULL,1);
insert  into `tb_recipe_sympton`(`i_recsymp_id`,`i_recipe_id`,`i_symp_id`,`v_recsymp_observation`,`i_recsymp_special`,`i_recsymp_status`) values (800,125,36,NULL,NULL,1);
insert  into `tb_recipe_sympton`(`i_recsymp_id`,`i_recipe_id`,`i_symp_id`,`v_recsymp_observation`,`i_recsymp_special`,`i_recsymp_status`) values (801,126,185,NULL,NULL,1);
insert  into `tb_recipe_sympton`(`i_recsymp_id`,`i_recipe_id`,`i_symp_id`,`v_recsymp_observation`,`i_recsymp_special`,`i_recsymp_status`) values (802,126,186,NULL,NULL,1);
insert  into `tb_recipe_sympton`(`i_recsymp_id`,`i_recipe_id`,`i_symp_id`,`v_recsymp_observation`,`i_recsymp_special`,`i_recsymp_status`) values (803,127,187,NULL,NULL,1);
insert  into `tb_recipe_sympton`(`i_recsymp_id`,`i_recipe_id`,`i_symp_id`,`v_recsymp_observation`,`i_recsymp_special`,`i_recsymp_status`) values (804,127,188,NULL,NULL,1);
insert  into `tb_recipe_sympton`(`i_recsymp_id`,`i_recipe_id`,`i_symp_id`,`v_recsymp_observation`,`i_recsymp_special`,`i_recsymp_status`) values (805,127,44,NULL,NULL,1);
insert  into `tb_recipe_sympton`(`i_recsymp_id`,`i_recipe_id`,`i_symp_id`,`v_recsymp_observation`,`i_recsymp_special`,`i_recsymp_status`) values (806,128,62,NULL,NULL,1);
insert  into `tb_recipe_sympton`(`i_recsymp_id`,`i_recipe_id`,`i_symp_id`,`v_recsymp_observation`,`i_recsymp_special`,`i_recsymp_status`) values (807,128,56,NULL,NULL,1);
insert  into `tb_recipe_sympton`(`i_recsymp_id`,`i_recipe_id`,`i_symp_id`,`v_recsymp_observation`,`i_recsymp_special`,`i_recsymp_status`) values (808,128,43,NULL,NULL,1);
insert  into `tb_recipe_sympton`(`i_recsymp_id`,`i_recipe_id`,`i_symp_id`,`v_recsymp_observation`,`i_recsymp_special`,`i_recsymp_status`) values (809,128,17,NULL,NULL,1);
insert  into `tb_recipe_sympton`(`i_recsymp_id`,`i_recipe_id`,`i_symp_id`,`v_recsymp_observation`,`i_recsymp_special`,`i_recsymp_status`) values (810,128,16,NULL,NULL,1);
insert  into `tb_recipe_sympton`(`i_recsymp_id`,`i_recipe_id`,`i_symp_id`,`v_recsymp_observation`,`i_recsymp_special`,`i_recsymp_status`) values (811,129,62,NULL,NULL,1);
insert  into `tb_recipe_sympton`(`i_recsymp_id`,`i_recipe_id`,`i_symp_id`,`v_recsymp_observation`,`i_recsymp_special`,`i_recsymp_status`) values (812,129,57,NULL,NULL,1);
insert  into `tb_recipe_sympton`(`i_recsymp_id`,`i_recipe_id`,`i_symp_id`,`v_recsymp_observation`,`i_recsymp_special`,`i_recsymp_status`) values (813,129,16,NULL,NULL,1);
insert  into `tb_recipe_sympton`(`i_recsymp_id`,`i_recipe_id`,`i_symp_id`,`v_recsymp_observation`,`i_recsymp_special`,`i_recsymp_status`) values (814,129,43,NULL,NULL,1);
insert  into `tb_recipe_sympton`(`i_recsymp_id`,`i_recipe_id`,`i_symp_id`,`v_recsymp_observation`,`i_recsymp_special`,`i_recsymp_status`) values (815,129,79,NULL,NULL,1);
insert  into `tb_recipe_sympton`(`i_recsymp_id`,`i_recipe_id`,`i_symp_id`,`v_recsymp_observation`,`i_recsymp_special`,`i_recsymp_status`) values (816,130,62,NULL,NULL,1);
insert  into `tb_recipe_sympton`(`i_recsymp_id`,`i_recipe_id`,`i_symp_id`,`v_recsymp_observation`,`i_recsymp_special`,`i_recsymp_status`) values (817,130,56,NULL,NULL,1);
insert  into `tb_recipe_sympton`(`i_recsymp_id`,`i_recipe_id`,`i_symp_id`,`v_recsymp_observation`,`i_recsymp_special`,`i_recsymp_status`) values (818,130,43,NULL,NULL,1);
insert  into `tb_recipe_sympton`(`i_recsymp_id`,`i_recipe_id`,`i_symp_id`,`v_recsymp_observation`,`i_recsymp_special`,`i_recsymp_status`) values (819,130,17,NULL,NULL,1);
insert  into `tb_recipe_sympton`(`i_recsymp_id`,`i_recipe_id`,`i_symp_id`,`v_recsymp_observation`,`i_recsymp_special`,`i_recsymp_status`) values (820,130,16,NULL,NULL,1);
insert  into `tb_recipe_sympton`(`i_recsymp_id`,`i_recipe_id`,`i_symp_id`,`v_recsymp_observation`,`i_recsymp_special`,`i_recsymp_status`) values (821,130,148,NULL,NULL,1);
insert  into `tb_recipe_sympton`(`i_recsymp_id`,`i_recipe_id`,`i_symp_id`,`v_recsymp_observation`,`i_recsymp_special`,`i_recsymp_status`) values (822,130,98,NULL,NULL,1);
insert  into `tb_recipe_sympton`(`i_recsymp_id`,`i_recipe_id`,`i_symp_id`,`v_recsymp_observation`,`i_recsymp_special`,`i_recsymp_status`) values (823,130,153,NULL,NULL,1);
insert  into `tb_recipe_sympton`(`i_recsymp_id`,`i_recipe_id`,`i_symp_id`,`v_recsymp_observation`,`i_recsymp_special`,`i_recsymp_status`) values (824,131,50,NULL,NULL,1);
insert  into `tb_recipe_sympton`(`i_recsymp_id`,`i_recipe_id`,`i_symp_id`,`v_recsymp_observation`,`i_recsymp_special`,`i_recsymp_status`) values (825,131,44,NULL,NULL,1);
insert  into `tb_recipe_sympton`(`i_recsymp_id`,`i_recipe_id`,`i_symp_id`,`v_recsymp_observation`,`i_recsymp_special`,`i_recsymp_status`) values (826,132,65,NULL,NULL,1);
insert  into `tb_recipe_sympton`(`i_recsymp_id`,`i_recipe_id`,`i_symp_id`,`v_recsymp_observation`,`i_recsymp_special`,`i_recsymp_status`) values (827,132,28,NULL,NULL,1);
insert  into `tb_recipe_sympton`(`i_recsymp_id`,`i_recipe_id`,`i_symp_id`,`v_recsymp_observation`,`i_recsymp_special`,`i_recsymp_status`) values (828,132,44,NULL,NULL,1);
insert  into `tb_recipe_sympton`(`i_recsymp_id`,`i_recipe_id`,`i_symp_id`,`v_recsymp_observation`,`i_recsymp_special`,`i_recsymp_status`) values (829,132,120,NULL,NULL,1);
insert  into `tb_recipe_sympton`(`i_recsymp_id`,`i_recipe_id`,`i_symp_id`,`v_recsymp_observation`,`i_recsymp_special`,`i_recsymp_status`) values (830,133,28,NULL,NULL,1);
insert  into `tb_recipe_sympton`(`i_recsymp_id`,`i_recipe_id`,`i_symp_id`,`v_recsymp_observation`,`i_recsymp_special`,`i_recsymp_status`) values (831,133,38,NULL,NULL,1);
insert  into `tb_recipe_sympton`(`i_recsymp_id`,`i_recipe_id`,`i_symp_id`,`v_recsymp_observation`,`i_recsymp_special`,`i_recsymp_status`) values (832,133,18,NULL,NULL,1);
insert  into `tb_recipe_sympton`(`i_recsymp_id`,`i_recipe_id`,`i_symp_id`,`v_recsymp_observation`,`i_recsymp_special`,`i_recsymp_status`) values (833,133,44,NULL,NULL,1);
insert  into `tb_recipe_sympton`(`i_recsymp_id`,`i_recipe_id`,`i_symp_id`,`v_recsymp_observation`,`i_recsymp_special`,`i_recsymp_status`) values (834,134,98,NULL,NULL,1);
insert  into `tb_recipe_sympton`(`i_recsymp_id`,`i_recipe_id`,`i_symp_id`,`v_recsymp_observation`,`i_recsymp_special`,`i_recsymp_status`) values (835,134,28,NULL,NULL,1);
insert  into `tb_recipe_sympton`(`i_recsymp_id`,`i_recipe_id`,`i_symp_id`,`v_recsymp_observation`,`i_recsymp_special`,`i_recsymp_status`) values (836,134,25,NULL,NULL,1);
insert  into `tb_recipe_sympton`(`i_recsymp_id`,`i_recipe_id`,`i_symp_id`,`v_recsymp_observation`,`i_recsymp_special`,`i_recsymp_status`) values (837,134,32,NULL,NULL,1);
insert  into `tb_recipe_sympton`(`i_recsymp_id`,`i_recipe_id`,`i_symp_id`,`v_recsymp_observation`,`i_recsymp_special`,`i_recsymp_status`) values (838,134,31,NULL,NULL,1);
insert  into `tb_recipe_sympton`(`i_recsymp_id`,`i_recipe_id`,`i_symp_id`,`v_recsymp_observation`,`i_recsymp_special`,`i_recsymp_status`) values (839,134,38,NULL,NULL,1);
insert  into `tb_recipe_sympton`(`i_recsymp_id`,`i_recipe_id`,`i_symp_id`,`v_recsymp_observation`,`i_recsymp_special`,`i_recsymp_status`) values (840,134,87,NULL,NULL,1);
insert  into `tb_recipe_sympton`(`i_recsymp_id`,`i_recipe_id`,`i_symp_id`,`v_recsymp_observation`,`i_recsymp_special`,`i_recsymp_status`) values (841,134,80,NULL,NULL,1);
insert  into `tb_recipe_sympton`(`i_recsymp_id`,`i_recipe_id`,`i_symp_id`,`v_recsymp_observation`,`i_recsymp_special`,`i_recsymp_status`) values (842,134,189,NULL,NULL,1);
insert  into `tb_recipe_sympton`(`i_recsymp_id`,`i_recipe_id`,`i_symp_id`,`v_recsymp_observation`,`i_recsymp_special`,`i_recsymp_status`) values (843,135,28,NULL,NULL,1);
insert  into `tb_recipe_sympton`(`i_recsymp_id`,`i_recipe_id`,`i_symp_id`,`v_recsymp_observation`,`i_recsymp_special`,`i_recsymp_status`) values (844,135,189,NULL,NULL,1);
insert  into `tb_recipe_sympton`(`i_recsymp_id`,`i_recipe_id`,`i_symp_id`,`v_recsymp_observation`,`i_recsymp_special`,`i_recsymp_status`) values (845,135,25,NULL,NULL,1);
insert  into `tb_recipe_sympton`(`i_recsymp_id`,`i_recipe_id`,`i_symp_id`,`v_recsymp_observation`,`i_recsymp_special`,`i_recsymp_status`) values (846,135,1,NULL,NULL,1);
insert  into `tb_recipe_sympton`(`i_recsymp_id`,`i_recipe_id`,`i_symp_id`,`v_recsymp_observation`,`i_recsymp_special`,`i_recsymp_status`) values (847,135,190,NULL,NULL,1);
insert  into `tb_recipe_sympton`(`i_recsymp_id`,`i_recipe_id`,`i_symp_id`,`v_recsymp_observation`,`i_recsymp_special`,`i_recsymp_status`) values (848,135,80,NULL,NULL,1);
insert  into `tb_recipe_sympton`(`i_recsymp_id`,`i_recipe_id`,`i_symp_id`,`v_recsymp_observation`,`i_recsymp_special`,`i_recsymp_status`) values (849,135,128,NULL,NULL,1);
insert  into `tb_recipe_sympton`(`i_recsymp_id`,`i_recipe_id`,`i_symp_id`,`v_recsymp_observation`,`i_recsymp_special`,`i_recsymp_status`) values (850,136,28,NULL,NULL,1);
insert  into `tb_recipe_sympton`(`i_recsymp_id`,`i_recipe_id`,`i_symp_id`,`v_recsymp_observation`,`i_recsymp_special`,`i_recsymp_status`) values (851,136,46,NULL,NULL,1);
insert  into `tb_recipe_sympton`(`i_recsymp_id`,`i_recipe_id`,`i_symp_id`,`v_recsymp_observation`,`i_recsymp_special`,`i_recsymp_status`) values (852,137,191,NULL,NULL,1);
insert  into `tb_recipe_sympton`(`i_recsymp_id`,`i_recipe_id`,`i_symp_id`,`v_recsymp_observation`,`i_recsymp_special`,`i_recsymp_status`) values (853,137,28,NULL,NULL,1);
insert  into `tb_recipe_sympton`(`i_recsymp_id`,`i_recipe_id`,`i_symp_id`,`v_recsymp_observation`,`i_recsymp_special`,`i_recsymp_status`) values (854,137,192,NULL,NULL,1);
insert  into `tb_recipe_sympton`(`i_recsymp_id`,`i_recipe_id`,`i_symp_id`,`v_recsymp_observation`,`i_recsymp_special`,`i_recsymp_status`) values (855,138,191,NULL,NULL,1);
insert  into `tb_recipe_sympton`(`i_recsymp_id`,`i_recipe_id`,`i_symp_id`,`v_recsymp_observation`,`i_recsymp_special`,`i_recsymp_status`) values (856,138,28,NULL,NULL,1);
insert  into `tb_recipe_sympton`(`i_recsymp_id`,`i_recipe_id`,`i_symp_id`,`v_recsymp_observation`,`i_recsymp_special`,`i_recsymp_status`) values (857,138,192,NULL,NULL,1);
insert  into `tb_recipe_sympton`(`i_recsymp_id`,`i_recipe_id`,`i_symp_id`,`v_recsymp_observation`,`i_recsymp_special`,`i_recsymp_status`) values (858,138,111,NULL,NULL,1);
insert  into `tb_recipe_sympton`(`i_recsymp_id`,`i_recipe_id`,`i_symp_id`,`v_recsymp_observation`,`i_recsymp_special`,`i_recsymp_status`) values (859,139,18,NULL,NULL,1);
insert  into `tb_recipe_sympton`(`i_recsymp_id`,`i_recipe_id`,`i_symp_id`,`v_recsymp_observation`,`i_recsymp_special`,`i_recsymp_status`) values (860,139,193,NULL,NULL,1);
insert  into `tb_recipe_sympton`(`i_recsymp_id`,`i_recipe_id`,`i_symp_id`,`v_recsymp_observation`,`i_recsymp_special`,`i_recsymp_status`) values (861,139,80,NULL,NULL,1);
insert  into `tb_recipe_sympton`(`i_recsymp_id`,`i_recipe_id`,`i_symp_id`,`v_recsymp_observation`,`i_recsymp_special`,`i_recsymp_status`) values (862,139,24,NULL,NULL,1);
insert  into `tb_recipe_sympton`(`i_recsymp_id`,`i_recipe_id`,`i_symp_id`,`v_recsymp_observation`,`i_recsymp_special`,`i_recsymp_status`) values (863,139,1,NULL,NULL,1);
insert  into `tb_recipe_sympton`(`i_recsymp_id`,`i_recipe_id`,`i_symp_id`,`v_recsymp_observation`,`i_recsymp_special`,`i_recsymp_status`) values (864,139,38,NULL,NULL,1);
insert  into `tb_recipe_sympton`(`i_recsymp_id`,`i_recipe_id`,`i_symp_id`,`v_recsymp_observation`,`i_recsymp_special`,`i_recsymp_status`) values (865,140,41,NULL,NULL,1);
insert  into `tb_recipe_sympton`(`i_recsymp_id`,`i_recipe_id`,`i_symp_id`,`v_recsymp_observation`,`i_recsymp_special`,`i_recsymp_status`) values (866,140,37,NULL,NULL,1);
insert  into `tb_recipe_sympton`(`i_recsymp_id`,`i_recipe_id`,`i_symp_id`,`v_recsymp_observation`,`i_recsymp_special`,`i_recsymp_status`) values (867,140,61,NULL,NULL,1);
insert  into `tb_recipe_sympton`(`i_recsymp_id`,`i_recipe_id`,`i_symp_id`,`v_recsymp_observation`,`i_recsymp_special`,`i_recsymp_status`) values (868,140,60,NULL,NULL,1);
insert  into `tb_recipe_sympton`(`i_recsymp_id`,`i_recipe_id`,`i_symp_id`,`v_recsymp_observation`,`i_recsymp_special`,`i_recsymp_status`) values (869,140,75,NULL,NULL,1);
insert  into `tb_recipe_sympton`(`i_recsymp_id`,`i_recipe_id`,`i_symp_id`,`v_recsymp_observation`,`i_recsymp_special`,`i_recsymp_status`) values (870,140,194,NULL,NULL,1);
insert  into `tb_recipe_sympton`(`i_recsymp_id`,`i_recipe_id`,`i_symp_id`,`v_recsymp_observation`,`i_recsymp_special`,`i_recsymp_status`) values (871,140,54,NULL,NULL,1);
insert  into `tb_recipe_sympton`(`i_recsymp_id`,`i_recipe_id`,`i_symp_id`,`v_recsymp_observation`,`i_recsymp_special`,`i_recsymp_status`) values (872,141,41,NULL,NULL,1);
insert  into `tb_recipe_sympton`(`i_recsymp_id`,`i_recipe_id`,`i_symp_id`,`v_recsymp_observation`,`i_recsymp_special`,`i_recsymp_status`) values (873,141,37,NULL,NULL,1);
insert  into `tb_recipe_sympton`(`i_recsymp_id`,`i_recipe_id`,`i_symp_id`,`v_recsymp_observation`,`i_recsymp_special`,`i_recsymp_status`) values (874,141,61,NULL,NULL,1);
insert  into `tb_recipe_sympton`(`i_recsymp_id`,`i_recipe_id`,`i_symp_id`,`v_recsymp_observation`,`i_recsymp_special`,`i_recsymp_status`) values (875,141,60,NULL,NULL,1);
insert  into `tb_recipe_sympton`(`i_recsymp_id`,`i_recipe_id`,`i_symp_id`,`v_recsymp_observation`,`i_recsymp_special`,`i_recsymp_status`) values (876,141,75,NULL,NULL,1);
insert  into `tb_recipe_sympton`(`i_recsymp_id`,`i_recipe_id`,`i_symp_id`,`v_recsymp_observation`,`i_recsymp_special`,`i_recsymp_status`) values (877,141,194,NULL,NULL,1);
insert  into `tb_recipe_sympton`(`i_recsymp_id`,`i_recipe_id`,`i_symp_id`,`v_recsymp_observation`,`i_recsymp_special`,`i_recsymp_status`) values (878,141,65,'',1,1);
insert  into `tb_recipe_sympton`(`i_recsymp_id`,`i_recipe_id`,`i_symp_id`,`v_recsymp_observation`,`i_recsymp_special`,`i_recsymp_status`) values (879,142,41,NULL,NULL,1);
insert  into `tb_recipe_sympton`(`i_recsymp_id`,`i_recipe_id`,`i_symp_id`,`v_recsymp_observation`,`i_recsymp_special`,`i_recsymp_status`) values (880,142,37,NULL,NULL,1);
insert  into `tb_recipe_sympton`(`i_recsymp_id`,`i_recipe_id`,`i_symp_id`,`v_recsymp_observation`,`i_recsymp_special`,`i_recsymp_status`) values (881,142,61,NULL,NULL,1);
insert  into `tb_recipe_sympton`(`i_recsymp_id`,`i_recipe_id`,`i_symp_id`,`v_recsymp_observation`,`i_recsymp_special`,`i_recsymp_status`) values (882,142,60,NULL,NULL,1);
insert  into `tb_recipe_sympton`(`i_recsymp_id`,`i_recipe_id`,`i_symp_id`,`v_recsymp_observation`,`i_recsymp_special`,`i_recsymp_status`) values (883,142,75,NULL,NULL,1);
insert  into `tb_recipe_sympton`(`i_recsymp_id`,`i_recipe_id`,`i_symp_id`,`v_recsymp_observation`,`i_recsymp_special`,`i_recsymp_status`) values (884,142,194,NULL,NULL,1);
insert  into `tb_recipe_sympton`(`i_recsymp_id`,`i_recipe_id`,`i_symp_id`,`v_recsymp_observation`,`i_recsymp_special`,`i_recsymp_status`) values (885,142,195,NULL,NULL,1);
insert  into `tb_recipe_sympton`(`i_recsymp_id`,`i_recipe_id`,`i_symp_id`,`v_recsymp_observation`,`i_recsymp_special`,`i_recsymp_status`) values (886,142,23,NULL,NULL,1);
insert  into `tb_recipe_sympton`(`i_recsymp_id`,`i_recipe_id`,`i_symp_id`,`v_recsymp_observation`,`i_recsymp_special`,`i_recsymp_status`) values (887,142,17,NULL,NULL,1);
insert  into `tb_recipe_sympton`(`i_recsymp_id`,`i_recipe_id`,`i_symp_id`,`v_recsymp_observation`,`i_recsymp_special`,`i_recsymp_status`) values (888,142,160,NULL,NULL,1);
insert  into `tb_recipe_sympton`(`i_recsymp_id`,`i_recipe_id`,`i_symp_id`,`v_recsymp_observation`,`i_recsymp_special`,`i_recsymp_status`) values (889,142,196,NULL,NULL,1);
insert  into `tb_recipe_sympton`(`i_recsymp_id`,`i_recipe_id`,`i_symp_id`,`v_recsymp_observation`,`i_recsymp_special`,`i_recsymp_status`) values (890,142,62,NULL,NULL,1);
insert  into `tb_recipe_sympton`(`i_recsymp_id`,`i_recipe_id`,`i_symp_id`,`v_recsymp_observation`,`i_recsymp_special`,`i_recsymp_status`) values (891,143,37,NULL,NULL,1);
insert  into `tb_recipe_sympton`(`i_recsymp_id`,`i_recipe_id`,`i_symp_id`,`v_recsymp_observation`,`i_recsymp_special`,`i_recsymp_status`) values (892,143,61,NULL,NULL,1);
insert  into `tb_recipe_sympton`(`i_recsymp_id`,`i_recipe_id`,`i_symp_id`,`v_recsymp_observation`,`i_recsymp_special`,`i_recsymp_status`) values (893,143,30,NULL,NULL,1);
insert  into `tb_recipe_sympton`(`i_recsymp_id`,`i_recipe_id`,`i_symp_id`,`v_recsymp_observation`,`i_recsymp_special`,`i_recsymp_status`) values (894,143,98,NULL,NULL,1);
insert  into `tb_recipe_sympton`(`i_recsymp_id`,`i_recipe_id`,`i_symp_id`,`v_recsymp_observation`,`i_recsymp_special`,`i_recsymp_status`) values (895,143,1,NULL,NULL,1);
insert  into `tb_recipe_sympton`(`i_recsymp_id`,`i_recipe_id`,`i_symp_id`,`v_recsymp_observation`,`i_recsymp_special`,`i_recsymp_status`) values (896,143,5,NULL,NULL,1);
insert  into `tb_recipe_sympton`(`i_recsymp_id`,`i_recipe_id`,`i_symp_id`,`v_recsymp_observation`,`i_recsymp_special`,`i_recsymp_status`) values (897,144,82,NULL,NULL,1);
insert  into `tb_recipe_sympton`(`i_recsymp_id`,`i_recipe_id`,`i_symp_id`,`v_recsymp_observation`,`i_recsymp_special`,`i_recsymp_status`) values (898,144,197,NULL,NULL,1);
insert  into `tb_recipe_sympton`(`i_recsymp_id`,`i_recipe_id`,`i_symp_id`,`v_recsymp_observation`,`i_recsymp_special`,`i_recsymp_status`) values (899,144,75,NULL,NULL,1);
insert  into `tb_recipe_sympton`(`i_recsymp_id`,`i_recipe_id`,`i_symp_id`,`v_recsymp_observation`,`i_recsymp_special`,`i_recsymp_status`) values (900,144,198,NULL,NULL,1);
insert  into `tb_recipe_sympton`(`i_recsymp_id`,`i_recipe_id`,`i_symp_id`,`v_recsymp_observation`,`i_recsymp_special`,`i_recsymp_status`) values (901,145,1,NULL,NULL,1);
insert  into `tb_recipe_sympton`(`i_recsymp_id`,`i_recipe_id`,`i_symp_id`,`v_recsymp_observation`,`i_recsymp_special`,`i_recsymp_status`) values (902,145,2,NULL,NULL,1);
insert  into `tb_recipe_sympton`(`i_recsymp_id`,`i_recipe_id`,`i_symp_id`,`v_recsymp_observation`,`i_recsymp_special`,`i_recsymp_status`) values (903,145,3,NULL,NULL,1);
insert  into `tb_recipe_sympton`(`i_recsymp_id`,`i_recipe_id`,`i_symp_id`,`v_recsymp_observation`,`i_recsymp_special`,`i_recsymp_status`) values (904,145,4,NULL,NULL,1);
insert  into `tb_recipe_sympton`(`i_recsymp_id`,`i_recipe_id`,`i_symp_id`,`v_recsymp_observation`,`i_recsymp_special`,`i_recsymp_status`) values (905,145,5,NULL,NULL,1);
insert  into `tb_recipe_sympton`(`i_recsymp_id`,`i_recipe_id`,`i_symp_id`,`v_recsymp_observation`,`i_recsymp_special`,`i_recsymp_status`) values (906,145,6,NULL,NULL,1);
insert  into `tb_recipe_sympton`(`i_recsymp_id`,`i_recipe_id`,`i_symp_id`,`v_recsymp_observation`,`i_recsymp_special`,`i_recsymp_status`) values (907,145,7,NULL,NULL,1);
insert  into `tb_recipe_sympton`(`i_recsymp_id`,`i_recipe_id`,`i_symp_id`,`v_recsymp_observation`,`i_recsymp_special`,`i_recsymp_status`) values (908,145,61,NULL,NULL,1);
insert  into `tb_recipe_sympton`(`i_recsymp_id`,`i_recipe_id`,`i_symp_id`,`v_recsymp_observation`,`i_recsymp_special`,`i_recsymp_status`) values (909,145,82,NULL,NULL,1);
insert  into `tb_recipe_sympton`(`i_recsymp_id`,`i_recipe_id`,`i_symp_id`,`v_recsymp_observation`,`i_recsymp_special`,`i_recsymp_status`) values (910,145,44,NULL,NULL,1);
insert  into `tb_recipe_sympton`(`i_recsymp_id`,`i_recipe_id`,`i_symp_id`,`v_recsymp_observation`,`i_recsymp_special`,`i_recsymp_status`) values (911,145,199,NULL,NULL,1);
insert  into `tb_recipe_sympton`(`i_recsymp_id`,`i_recipe_id`,`i_symp_id`,`v_recsymp_observation`,`i_recsymp_special`,`i_recsymp_status`) values (912,145,32,NULL,NULL,1);
insert  into `tb_recipe_sympton`(`i_recsymp_id`,`i_recipe_id`,`i_symp_id`,`v_recsymp_observation`,`i_recsymp_special`,`i_recsymp_status`) values (913,145,37,NULL,NULL,1);
insert  into `tb_recipe_sympton`(`i_recsymp_id`,`i_recipe_id`,`i_symp_id`,`v_recsymp_observation`,`i_recsymp_special`,`i_recsymp_status`) values (914,146,82,NULL,NULL,1);
insert  into `tb_recipe_sympton`(`i_recsymp_id`,`i_recipe_id`,`i_symp_id`,`v_recsymp_observation`,`i_recsymp_special`,`i_recsymp_status`) values (915,146,200,NULL,NULL,1);
insert  into `tb_recipe_sympton`(`i_recsymp_id`,`i_recipe_id`,`i_symp_id`,`v_recsymp_observation`,`i_recsymp_special`,`i_recsymp_status`) values (916,146,37,NULL,NULL,1);
insert  into `tb_recipe_sympton`(`i_recsymp_id`,`i_recipe_id`,`i_symp_id`,`v_recsymp_observation`,`i_recsymp_special`,`i_recsymp_status`) values (917,146,197,NULL,NULL,1);
insert  into `tb_recipe_sympton`(`i_recsymp_id`,`i_recipe_id`,`i_symp_id`,`v_recsymp_observation`,`i_recsymp_special`,`i_recsymp_status`) values (918,147,1,NULL,NULL,1);
insert  into `tb_recipe_sympton`(`i_recsymp_id`,`i_recipe_id`,`i_symp_id`,`v_recsymp_observation`,`i_recsymp_special`,`i_recsymp_status`) values (919,147,2,NULL,NULL,1);
insert  into `tb_recipe_sympton`(`i_recsymp_id`,`i_recipe_id`,`i_symp_id`,`v_recsymp_observation`,`i_recsymp_special`,`i_recsymp_status`) values (920,147,3,NULL,NULL,1);
insert  into `tb_recipe_sympton`(`i_recsymp_id`,`i_recipe_id`,`i_symp_id`,`v_recsymp_observation`,`i_recsymp_special`,`i_recsymp_status`) values (921,147,4,NULL,NULL,1);
insert  into `tb_recipe_sympton`(`i_recsymp_id`,`i_recipe_id`,`i_symp_id`,`v_recsymp_observation`,`i_recsymp_special`,`i_recsymp_status`) values (922,147,5,NULL,NULL,1);
insert  into `tb_recipe_sympton`(`i_recsymp_id`,`i_recipe_id`,`i_symp_id`,`v_recsymp_observation`,`i_recsymp_special`,`i_recsymp_status`) values (923,147,6,NULL,NULL,1);
insert  into `tb_recipe_sympton`(`i_recsymp_id`,`i_recipe_id`,`i_symp_id`,`v_recsymp_observation`,`i_recsymp_special`,`i_recsymp_status`) values (924,147,7,NULL,NULL,1);
insert  into `tb_recipe_sympton`(`i_recsymp_id`,`i_recipe_id`,`i_symp_id`,`v_recsymp_observation`,`i_recsymp_special`,`i_recsymp_status`) values (925,147,8,'（服用过麻黄汤）或下之 （服用过泻药）',NULL,1);
insert  into `tb_recipe_sympton`(`i_recsymp_id`,`i_recipe_id`,`i_symp_id`,`v_recsymp_observation`,`i_recsymp_special`,`i_recsymp_status`) values (926,147,26,'',1,1);
insert  into `tb_recipe_sympton`(`i_recsymp_id`,`i_recipe_id`,`i_symp_id`,`v_recsymp_observation`,`i_recsymp_special`,`i_recsymp_status`) values (927,147,198,'',1,1);
insert  into `tb_recipe_sympton`(`i_recsymp_id`,`i_recipe_id`,`i_symp_id`,`v_recsymp_observation`,`i_recsymp_special`,`i_recsymp_status`) values (928,148,1,NULL,NULL,1);
insert  into `tb_recipe_sympton`(`i_recsymp_id`,`i_recipe_id`,`i_symp_id`,`v_recsymp_observation`,`i_recsymp_special`,`i_recsymp_status`) values (929,148,2,NULL,NULL,1);
insert  into `tb_recipe_sympton`(`i_recsymp_id`,`i_recipe_id`,`i_symp_id`,`v_recsymp_observation`,`i_recsymp_special`,`i_recsymp_status`) values (930,148,3,NULL,NULL,1);
insert  into `tb_recipe_sympton`(`i_recsymp_id`,`i_recipe_id`,`i_symp_id`,`v_recsymp_observation`,`i_recsymp_special`,`i_recsymp_status`) values (931,148,4,NULL,NULL,1);
insert  into `tb_recipe_sympton`(`i_recsymp_id`,`i_recipe_id`,`i_symp_id`,`v_recsymp_observation`,`i_recsymp_special`,`i_recsymp_status`) values (932,148,5,NULL,NULL,1);
insert  into `tb_recipe_sympton`(`i_recsymp_id`,`i_recipe_id`,`i_symp_id`,`v_recsymp_observation`,`i_recsymp_special`,`i_recsymp_status`) values (933,148,6,NULL,NULL,1);
insert  into `tb_recipe_sympton`(`i_recsymp_id`,`i_recipe_id`,`i_symp_id`,`v_recsymp_observation`,`i_recsymp_special`,`i_recsymp_status`) values (934,148,7,NULL,NULL,1);
insert  into `tb_recipe_sympton`(`i_recsymp_id`,`i_recipe_id`,`i_symp_id`,`v_recsymp_observation`,`i_recsymp_special`,`i_recsymp_status`) values (935,148,61,NULL,NULL,1);
insert  into `tb_recipe_sympton`(`i_recsymp_id`,`i_recipe_id`,`i_symp_id`,`v_recsymp_observation`,`i_recsymp_special`,`i_recsymp_status`) values (936,148,82,NULL,NULL,1);
insert  into `tb_recipe_sympton`(`i_recsymp_id`,`i_recipe_id`,`i_symp_id`,`v_recsymp_observation`,`i_recsymp_special`,`i_recsymp_status`) values (937,148,178,NULL,NULL,1);
insert  into `tb_recipe_sympton`(`i_recsymp_id`,`i_recipe_id`,`i_symp_id`,`v_recsymp_observation`,`i_recsymp_special`,`i_recsymp_status`) values (938,148,199,NULL,NULL,1);
insert  into `tb_recipe_sympton`(`i_recsymp_id`,`i_recipe_id`,`i_symp_id`,`v_recsymp_observation`,`i_recsymp_special`,`i_recsymp_status`) values (939,148,32,NULL,NULL,1);
insert  into `tb_recipe_sympton`(`i_recsymp_id`,`i_recipe_id`,`i_symp_id`,`v_recsymp_observation`,`i_recsymp_special`,`i_recsymp_status`) values (940,148,37,NULL,NULL,1);
insert  into `tb_recipe_sympton`(`i_recsymp_id`,`i_recipe_id`,`i_symp_id`,`v_recsymp_observation`,`i_recsymp_special`,`i_recsymp_status`) values (941,148,201,NULL,NULL,1);
insert  into `tb_recipe_sympton`(`i_recsymp_id`,`i_recipe_id`,`i_symp_id`,`v_recsymp_observation`,`i_recsymp_special`,`i_recsymp_status`) values (942,148,94,NULL,NULL,1);
insert  into `tb_recipe_sympton`(`i_recsymp_id`,`i_recipe_id`,`i_symp_id`,`v_recsymp_observation`,`i_recsymp_special`,`i_recsymp_status`) values (943,149,41,NULL,NULL,1);
insert  into `tb_recipe_sympton`(`i_recsymp_id`,`i_recipe_id`,`i_symp_id`,`v_recsymp_observation`,`i_recsymp_special`,`i_recsymp_status`) values (944,149,37,NULL,NULL,1);
insert  into `tb_recipe_sympton`(`i_recsymp_id`,`i_recipe_id`,`i_symp_id`,`v_recsymp_observation`,`i_recsymp_special`,`i_recsymp_status`) values (945,149,61,NULL,NULL,1);
insert  into `tb_recipe_sympton`(`i_recsymp_id`,`i_recipe_id`,`i_symp_id`,`v_recsymp_observation`,`i_recsymp_special`,`i_recsymp_status`) values (946,149,1,NULL,NULL,1);
insert  into `tb_recipe_sympton`(`i_recsymp_id`,`i_recipe_id`,`i_symp_id`,`v_recsymp_observation`,`i_recsymp_special`,`i_recsymp_status`) values (947,149,75,NULL,NULL,1);
insert  into `tb_recipe_sympton`(`i_recsymp_id`,`i_recipe_id`,`i_symp_id`,`v_recsymp_observation`,`i_recsymp_special`,`i_recsymp_status`) values (948,149,194,NULL,NULL,1);
insert  into `tb_recipe_sympton`(`i_recsymp_id`,`i_recipe_id`,`i_symp_id`,`v_recsymp_observation`,`i_recsymp_special`,`i_recsymp_status`) values (949,149,82,NULL,NULL,1);
insert  into `tb_recipe_sympton`(`i_recsymp_id`,`i_recipe_id`,`i_symp_id`,`v_recsymp_observation`,`i_recsymp_special`,`i_recsymp_status`) values (950,149,2,NULL,NULL,1);
insert  into `tb_recipe_sympton`(`i_recsymp_id`,`i_recipe_id`,`i_symp_id`,`v_recsymp_observation`,`i_recsymp_special`,`i_recsymp_status`) values (951,149,44,NULL,NULL,1);
insert  into `tb_recipe_sympton`(`i_recsymp_id`,`i_recipe_id`,`i_symp_id`,`v_recsymp_observation`,`i_recsymp_special`,`i_recsymp_status`) values (952,149,43,NULL,NULL,1);
insert  into `tb_recipe_sympton`(`i_recsymp_id`,`i_recipe_id`,`i_symp_id`,`v_recsymp_observation`,`i_recsymp_special`,`i_recsymp_status`) values (953,149,54,NULL,NULL,1);
insert  into `tb_recipe_sympton`(`i_recsymp_id`,`i_recipe_id`,`i_symp_id`,`v_recsymp_observation`,`i_recsymp_special`,`i_recsymp_status`) values (954,150,38,NULL,NULL,1);
insert  into `tb_recipe_sympton`(`i_recsymp_id`,`i_recipe_id`,`i_symp_id`,`v_recsymp_observation`,`i_recsymp_special`,`i_recsymp_status`) values (955,150,18,NULL,NULL,1);
insert  into `tb_recipe_sympton`(`i_recsymp_id`,`i_recipe_id`,`i_symp_id`,`v_recsymp_observation`,`i_recsymp_special`,`i_recsymp_status`) values (956,150,146,NULL,NULL,1);
insert  into `tb_recipe_sympton`(`i_recsymp_id`,`i_recipe_id`,`i_symp_id`,`v_recsymp_observation`,`i_recsymp_special`,`i_recsymp_status`) values (957,150,65,NULL,NULL,1);
insert  into `tb_recipe_sympton`(`i_recsymp_id`,`i_recipe_id`,`i_symp_id`,`v_recsymp_observation`,`i_recsymp_special`,`i_recsymp_status`) values (958,150,3,NULL,NULL,1);
insert  into `tb_recipe_sympton`(`i_recsymp_id`,`i_recipe_id`,`i_symp_id`,`v_recsymp_observation`,`i_recsymp_special`,`i_recsymp_status`) values (959,150,28,NULL,NULL,1);
insert  into `tb_recipe_sympton`(`i_recsymp_id`,`i_recipe_id`,`i_symp_id`,`v_recsymp_observation`,`i_recsymp_special`,`i_recsymp_status`) values (960,150,44,NULL,NULL,1);
insert  into `tb_recipe_sympton`(`i_recsymp_id`,`i_recipe_id`,`i_symp_id`,`v_recsymp_observation`,`i_recsymp_special`,`i_recsymp_status`) values (961,150,40,NULL,NULL,1);
insert  into `tb_recipe_sympton`(`i_recsymp_id`,`i_recipe_id`,`i_symp_id`,`v_recsymp_observation`,`i_recsymp_special`,`i_recsymp_status`) values (962,151,25,NULL,NULL,1);
insert  into `tb_recipe_sympton`(`i_recsymp_id`,`i_recipe_id`,`i_symp_id`,`v_recsymp_observation`,`i_recsymp_special`,`i_recsymp_status`) values (963,151,28,NULL,NULL,1);
insert  into `tb_recipe_sympton`(`i_recsymp_id`,`i_recipe_id`,`i_symp_id`,`v_recsymp_observation`,`i_recsymp_special`,`i_recsymp_status`) values (964,151,40,NULL,NULL,1);
insert  into `tb_recipe_sympton`(`i_recsymp_id`,`i_recipe_id`,`i_symp_id`,`v_recsymp_observation`,`i_recsymp_special`,`i_recsymp_status`) values (965,151,65,NULL,NULL,1);
insert  into `tb_recipe_sympton`(`i_recsymp_id`,`i_recipe_id`,`i_symp_id`,`v_recsymp_observation`,`i_recsymp_special`,`i_recsymp_status`) values (966,151,37,NULL,NULL,1);
insert  into `tb_recipe_sympton`(`i_recsymp_id`,`i_recipe_id`,`i_symp_id`,`v_recsymp_observation`,`i_recsymp_special`,`i_recsymp_status`) values (967,151,96,NULL,NULL,1);
insert  into `tb_recipe_sympton`(`i_recsymp_id`,`i_recipe_id`,`i_symp_id`,`v_recsymp_observation`,`i_recsymp_special`,`i_recsymp_status`) values (968,151,128,NULL,NULL,1);
insert  into `tb_recipe_sympton`(`i_recsymp_id`,`i_recipe_id`,`i_symp_id`,`v_recsymp_observation`,`i_recsymp_special`,`i_recsymp_status`) values (969,151,145,NULL,NULL,1);
insert  into `tb_recipe_sympton`(`i_recsymp_id`,`i_recipe_id`,`i_symp_id`,`v_recsymp_observation`,`i_recsymp_special`,`i_recsymp_status`) values (970,151,31,NULL,NULL,1);
insert  into `tb_recipe_sympton`(`i_recsymp_id`,`i_recipe_id`,`i_symp_id`,`v_recsymp_observation`,`i_recsymp_special`,`i_recsymp_status`) values (971,151,90,NULL,NULL,1);
insert  into `tb_recipe_sympton`(`i_recsymp_id`,`i_recipe_id`,`i_symp_id`,`v_recsymp_observation`,`i_recsymp_special`,`i_recsymp_status`) values (972,151,157,NULL,NULL,1);
insert  into `tb_recipe_sympton`(`i_recsymp_id`,`i_recipe_id`,`i_symp_id`,`v_recsymp_observation`,`i_recsymp_special`,`i_recsymp_status`) values (973,152,37,NULL,NULL,1);
insert  into `tb_recipe_sympton`(`i_recsymp_id`,`i_recipe_id`,`i_symp_id`,`v_recsymp_observation`,`i_recsymp_special`,`i_recsymp_status`) values (974,152,90,NULL,NULL,1);
insert  into `tb_recipe_sympton`(`i_recsymp_id`,`i_recipe_id`,`i_symp_id`,`v_recsymp_observation`,`i_recsymp_special`,`i_recsymp_status`) values (975,152,80,NULL,NULL,1);
insert  into `tb_recipe_sympton`(`i_recsymp_id`,`i_recipe_id`,`i_symp_id`,`v_recsymp_observation`,`i_recsymp_special`,`i_recsymp_status`) values (976,152,95,NULL,NULL,1);
insert  into `tb_recipe_sympton`(`i_recsymp_id`,`i_recipe_id`,`i_symp_id`,`v_recsymp_observation`,`i_recsymp_special`,`i_recsymp_status`) values (977,152,202,NULL,NULL,1);
insert  into `tb_recipe_sympton`(`i_recsymp_id`,`i_recipe_id`,`i_symp_id`,`v_recsymp_observation`,`i_recsymp_special`,`i_recsymp_status`) values (978,152,32,NULL,NULL,1);
insert  into `tb_recipe_sympton`(`i_recsymp_id`,`i_recipe_id`,`i_symp_id`,`v_recsymp_observation`,`i_recsymp_special`,`i_recsymp_status`) values (979,152,182,NULL,NULL,1);
insert  into `tb_recipe_sympton`(`i_recsymp_id`,`i_recipe_id`,`i_symp_id`,`v_recsymp_observation`,`i_recsymp_special`,`i_recsymp_status`) values (980,152,9,NULL,NULL,1);
insert  into `tb_recipe_sympton`(`i_recsymp_id`,`i_recipe_id`,`i_symp_id`,`v_recsymp_observation`,`i_recsymp_special`,`i_recsymp_status`) values (981,152,25,NULL,NULL,1);
insert  into `tb_recipe_sympton`(`i_recsymp_id`,`i_recipe_id`,`i_symp_id`,`v_recsymp_observation`,`i_recsymp_special`,`i_recsymp_status`) values (982,152,148,NULL,NULL,1);
insert  into `tb_recipe_sympton`(`i_recsymp_id`,`i_recipe_id`,`i_symp_id`,`v_recsymp_observation`,`i_recsymp_special`,`i_recsymp_status`) values (983,153,24,NULL,NULL,1);
insert  into `tb_recipe_sympton`(`i_recsymp_id`,`i_recipe_id`,`i_symp_id`,`v_recsymp_observation`,`i_recsymp_special`,`i_recsymp_status`) values (984,153,31,NULL,NULL,1);
insert  into `tb_recipe_sympton`(`i_recsymp_id`,`i_recipe_id`,`i_symp_id`,`v_recsymp_observation`,`i_recsymp_special`,`i_recsymp_status`) values (985,153,28,NULL,NULL,1);
insert  into `tb_recipe_sympton`(`i_recsymp_id`,`i_recipe_id`,`i_symp_id`,`v_recsymp_observation`,`i_recsymp_special`,`i_recsymp_status`) values (986,153,171,NULL,NULL,1);
insert  into `tb_recipe_sympton`(`i_recsymp_id`,`i_recipe_id`,`i_symp_id`,`v_recsymp_observation`,`i_recsymp_special`,`i_recsymp_status`) values (987,153,65,NULL,NULL,1);
insert  into `tb_recipe_sympton`(`i_recsymp_id`,`i_recipe_id`,`i_symp_id`,`v_recsymp_observation`,`i_recsymp_special`,`i_recsymp_status`) values (988,154,25,NULL,NULL,1);
insert  into `tb_recipe_sympton`(`i_recsymp_id`,`i_recipe_id`,`i_symp_id`,`v_recsymp_observation`,`i_recsymp_special`,`i_recsymp_status`) values (989,154,157,NULL,NULL,1);
insert  into `tb_recipe_sympton`(`i_recsymp_id`,`i_recipe_id`,`i_symp_id`,`v_recsymp_observation`,`i_recsymp_special`,`i_recsymp_status`) values (990,154,40,NULL,NULL,1);
insert  into `tb_recipe_sympton`(`i_recsymp_id`,`i_recipe_id`,`i_symp_id`,`v_recsymp_observation`,`i_recsymp_special`,`i_recsymp_status`) values (991,154,92,NULL,NULL,1);
insert  into `tb_recipe_sympton`(`i_recsymp_id`,`i_recipe_id`,`i_symp_id`,`v_recsymp_observation`,`i_recsymp_special`,`i_recsymp_status`) values (992,154,31,NULL,NULL,1);
insert  into `tb_recipe_sympton`(`i_recsymp_id`,`i_recipe_id`,`i_symp_id`,`v_recsymp_observation`,`i_recsymp_special`,`i_recsymp_status`) values (993,154,24,NULL,NULL,1);
insert  into `tb_recipe_sympton`(`i_recsymp_id`,`i_recipe_id`,`i_symp_id`,`v_recsymp_observation`,`i_recsymp_special`,`i_recsymp_status`) values (994,155,203,NULL,NULL,1);
insert  into `tb_recipe_sympton`(`i_recsymp_id`,`i_recipe_id`,`i_symp_id`,`v_recsymp_observation`,`i_recsymp_special`,`i_recsymp_status`) values (995,155,40,NULL,NULL,1);
insert  into `tb_recipe_sympton`(`i_recsymp_id`,`i_recipe_id`,`i_symp_id`,`v_recsymp_observation`,`i_recsymp_special`,`i_recsymp_status`) values (996,155,145,NULL,NULL,1);
insert  into `tb_recipe_sympton`(`i_recsymp_id`,`i_recipe_id`,`i_symp_id`,`v_recsymp_observation`,`i_recsymp_special`,`i_recsymp_status`) values (997,155,31,NULL,NULL,1);
insert  into `tb_recipe_sympton`(`i_recsymp_id`,`i_recipe_id`,`i_symp_id`,`v_recsymp_observation`,`i_recsymp_special`,`i_recsymp_status`) values (998,155,182,NULL,NULL,1);
insert  into `tb_recipe_sympton`(`i_recsymp_id`,`i_recipe_id`,`i_symp_id`,`v_recsymp_observation`,`i_recsymp_special`,`i_recsymp_status`) values (999,155,92,NULL,NULL,1);
insert  into `tb_recipe_sympton`(`i_recsymp_id`,`i_recipe_id`,`i_symp_id`,`v_recsymp_observation`,`i_recsymp_special`,`i_recsymp_status`) values (1000,156,31,NULL,NULL,1);
insert  into `tb_recipe_sympton`(`i_recsymp_id`,`i_recipe_id`,`i_symp_id`,`v_recsymp_observation`,`i_recsymp_special`,`i_recsymp_status`) values (1001,156,145,NULL,NULL,1);
insert  into `tb_recipe_sympton`(`i_recsymp_id`,`i_recipe_id`,`i_symp_id`,`v_recsymp_observation`,`i_recsymp_special`,`i_recsymp_status`) values (1002,156,65,NULL,NULL,1);
insert  into `tb_recipe_sympton`(`i_recsymp_id`,`i_recipe_id`,`i_symp_id`,`v_recsymp_observation`,`i_recsymp_special`,`i_recsymp_status`) values (1003,156,182,NULL,NULL,1);
insert  into `tb_recipe_sympton`(`i_recsymp_id`,`i_recipe_id`,`i_symp_id`,`v_recsymp_observation`,`i_recsymp_special`,`i_recsymp_status`) values (1004,156,98,NULL,NULL,1);
insert  into `tb_recipe_sympton`(`i_recsymp_id`,`i_recipe_id`,`i_symp_id`,`v_recsymp_observation`,`i_recsymp_special`,`i_recsymp_status`) values (1005,156,96,NULL,NULL,1);
insert  into `tb_recipe_sympton`(`i_recsymp_id`,`i_recipe_id`,`i_symp_id`,`v_recsymp_observation`,`i_recsymp_special`,`i_recsymp_status`) values (1006,156,75,NULL,NULL,1);
insert  into `tb_recipe_sympton`(`i_recsymp_id`,`i_recipe_id`,`i_symp_id`,`v_recsymp_observation`,`i_recsymp_special`,`i_recsymp_status`) values (1007,156,204,'',1,1);
insert  into `tb_recipe_sympton`(`i_recsymp_id`,`i_recipe_id`,`i_symp_id`,`v_recsymp_observation`,`i_recsymp_special`,`i_recsymp_status`) values (1008,157,31,NULL,NULL,1);
insert  into `tb_recipe_sympton`(`i_recsymp_id`,`i_recipe_id`,`i_symp_id`,`v_recsymp_observation`,`i_recsymp_special`,`i_recsymp_status`) values (1009,157,145,NULL,NULL,1);
insert  into `tb_recipe_sympton`(`i_recsymp_id`,`i_recipe_id`,`i_symp_id`,`v_recsymp_observation`,`i_recsymp_special`,`i_recsymp_status`) values (1010,157,65,NULL,NULL,1);
insert  into `tb_recipe_sympton`(`i_recsymp_id`,`i_recipe_id`,`i_symp_id`,`v_recsymp_observation`,`i_recsymp_special`,`i_recsymp_status`) values (1011,157,182,NULL,NULL,1);
insert  into `tb_recipe_sympton`(`i_recsymp_id`,`i_recipe_id`,`i_symp_id`,`v_recsymp_observation`,`i_recsymp_special`,`i_recsymp_status`) values (1012,157,98,NULL,NULL,1);
insert  into `tb_recipe_sympton`(`i_recsymp_id`,`i_recipe_id`,`i_symp_id`,`v_recsymp_observation`,`i_recsymp_special`,`i_recsymp_status`) values (1013,157,9,'',1,1);
insert  into `tb_recipe_sympton`(`i_recsymp_id`,`i_recipe_id`,`i_symp_id`,`v_recsymp_observation`,`i_recsymp_special`,`i_recsymp_status`) values (1014,157,37,'',1,1);
insert  into `tb_recipe_sympton`(`i_recsymp_id`,`i_recipe_id`,`i_symp_id`,`v_recsymp_observation`,`i_recsymp_special`,`i_recsymp_status`) values (1015,158,92,NULL,NULL,1);
insert  into `tb_recipe_sympton`(`i_recsymp_id`,`i_recipe_id`,`i_symp_id`,`v_recsymp_observation`,`i_recsymp_special`,`i_recsymp_status`) values (1016,158,205,NULL,NULL,1);
insert  into `tb_recipe_sympton`(`i_recsymp_id`,`i_recipe_id`,`i_symp_id`,`v_recsymp_observation`,`i_recsymp_special`,`i_recsymp_status`) values (1017,158,37,NULL,NULL,1);
insert  into `tb_recipe_sympton`(`i_recsymp_id`,`i_recipe_id`,`i_symp_id`,`v_recsymp_observation`,`i_recsymp_special`,`i_recsymp_status`) values (1018,158,24,NULL,NULL,1);

/*Table structure for table `tb_sympton` */

DROP TABLE IF EXISTS `tb_sympton`;

CREATE TABLE `tb_sympton` (
  `i_symp_id` int(8) NOT NULL AUTO_INCREMENT,
  `v_symp_name` varchar(25) COLLATE utf8_unicode_ci DEFAULT NULL,
  `i_symp_status` int(1) DEFAULT NULL,
  PRIMARY KEY (`i_symp_id`)
) ENGINE=InnoDB AUTO_INCREMENT=206 DEFAULT CHARSET=utf8 COLLATE=utf8_unicode_ci;

/*Data for the table `tb_sympton` */

insert  into `tb_sympton`(`i_symp_id`,`v_symp_name`,`i_symp_status`) values (1,'汗出',1);
insert  into `tb_sympton`(`i_symp_id`,`v_symp_name`,`i_symp_status`) values (2,'恶风',1);
insert  into `tb_sympton`(`i_symp_id`,`v_symp_name`,`i_symp_status`) values (3,'发热',1);
insert  into `tb_sympton`(`i_symp_id`,`v_symp_name`,`i_symp_status`) values (4,'脉浮缓',1);
insert  into `tb_sympton`(`i_symp_id`,`v_symp_name`,`i_symp_status`) values (5,'自汗',1);
insert  into `tb_sympton`(`i_symp_id`,`v_symp_name`,`i_symp_status`) values (6,'发热汗出',1);
insert  into `tb_sympton`(`i_symp_id`,`v_symp_name`,`i_symp_status`) values (7,'表未解',1);
insert  into `tb_sympton`(`i_symp_id`,`v_symp_name`,`i_symp_status`) values (8,'发汗',1);
insert  into `tb_sympton`(`i_symp_id`,`v_symp_name`,`i_symp_status`) values (9,'气上冲',1);
insert  into `tb_sympton`(`i_symp_id`,`v_symp_name`,`i_symp_status`) values (10,'肩背疼痛',1);
insert  into `tb_sympton`(`i_symp_id`,`v_symp_name`,`i_symp_status`) values (11,'身体痉挛',1);
insert  into `tb_sympton`(`i_symp_id`,`v_symp_name`,`i_symp_status`) values (12,'汗出明显',1);
insert  into `tb_sympton`(`i_symp_id`,`v_symp_name`,`i_symp_status`) values (13,'黄汗',1);
insert  into `tb_sympton`(`i_symp_id`,`v_symp_name`,`i_symp_status`) values (14,'口渴',1);
insert  into `tb_sympton`(`i_symp_id`,`v_symp_name`,`i_symp_status`) values (15,'身重',1);
insert  into `tb_sympton`(`i_symp_id`,`v_symp_name`,`i_symp_status`) values (16,'咳嗽',1);
insert  into `tb_sympton`(`i_symp_id`,`v_symp_name`,`i_symp_status`) values (17,'喘',1);
insert  into `tb_sympton`(`i_symp_id`,`v_symp_name`,`i_symp_status`) values (18,'心悸',1);
insert  into `tb_sympton`(`i_symp_id`,`v_symp_name`,`i_symp_status`) values (19,'欲得按',1);
insert  into `tb_sympton`(`i_symp_id`,`v_symp_name`,`i_symp_status`) values (20,'心慌',1);
insert  into `tb_sympton`(`i_symp_id`,`v_symp_name`,`i_symp_status`) values (22,'心惊',1);
insert  into `tb_sympton`(`i_symp_id`,`v_symp_name`,`i_symp_status`) values (23,'痰鸣',1);
insert  into `tb_sympton`(`i_symp_id`,`v_symp_name`,`i_symp_status`) values (24,'心烦',1);
insert  into `tb_sympton`(`i_symp_id`,`v_symp_name`,`i_symp_status`) values (25,'烦躁',1);
insert  into `tb_sympton`(`i_symp_id`,`v_symp_name`,`i_symp_status`) values (26,'今无腹满痛',1);
insert  into `tb_sympton`(`i_symp_id`,`v_symp_name`,`i_symp_status`) values (27,'胃痛',1);
insert  into `tb_sympton`(`i_symp_id`,`v_symp_name`,`i_symp_status`) values (28,'腹痛',1);
insert  into `tb_sympton`(`i_symp_id`,`v_symp_name`,`i_symp_status`) values (29,'不呕',1);
insert  into `tb_sympton`(`i_symp_id`,`v_symp_name`,`i_symp_status`) values (30,'身痛',1);
insert  into `tb_sympton`(`i_symp_id`,`v_symp_name`,`i_symp_status`) values (31,'心下痞',1);
insert  into `tb_sympton`(`i_symp_id`,`v_symp_name`,`i_symp_status`) values (32,'乏力',1);
insert  into `tb_sympton`(`i_symp_id`,`v_symp_name`,`i_symp_status`) values (33,'惊',1);
insert  into `tb_sympton`(`i_symp_id`,`v_symp_name`,`i_symp_status`) values (34,'便溏',1);
insert  into `tb_sympton`(`i_symp_id`,`v_symp_name`,`i_symp_status`) values (35,'腹泻',1);
insert  into `tb_sympton`(`i_symp_id`,`v_symp_name`,`i_symp_status`) values (36,'小便少',1);
insert  into `tb_sympton`(`i_symp_id`,`v_symp_name`,`i_symp_status`) values (37,'四肢冷',1);
insert  into `tb_sympton`(`i_symp_id`,`v_symp_name`,`i_symp_status`) values (38,'头晕',1);
insert  into `tb_sympton`(`i_symp_id`,`v_symp_name`,`i_symp_status`) values (39,'冻疮',1);
insert  into `tb_sympton`(`i_symp_id`,`v_symp_name`,`i_symp_status`) values (40,'呕',1);
insert  into `tb_sympton`(`i_symp_id`,`v_symp_name`,`i_symp_status`) values (41,'头痛',1);
insert  into `tb_sympton`(`i_symp_id`,`v_symp_name`,`i_symp_status`) values (42,'目眩',1);
insert  into `tb_sympton`(`i_symp_id`,`v_symp_name`,`i_symp_status`) values (43,'气短',1);
insert  into `tb_sympton`(`i_symp_id`,`v_symp_name`,`i_symp_status`) values (44,'小便不利',1);
insert  into `tb_sympton`(`i_symp_id`,`v_symp_name`,`i_symp_status`) values (45,'心下满',1);
insert  into `tb_sympton`(`i_symp_id`,`v_symp_name`,`i_symp_status`) values (46,'胁痛',1);
insert  into `tb_sympton`(`i_symp_id`,`v_symp_name`,`i_symp_status`) values (47,'胸胁满',1);
insert  into `tb_sympton`(`i_symp_id`,`v_symp_name`,`i_symp_status`) values (48,'心下悸',1);
insert  into `tb_sympton`(`i_symp_id`,`v_symp_name`,`i_symp_status`) values (49,'腹痉挛',1);
insert  into `tb_sympton`(`i_symp_id`,`v_symp_name`,`i_symp_status`) values (50,'眩晕',1);
insert  into `tb_sympton`(`i_symp_id`,`v_symp_name`,`i_symp_status`) values (51,'水入则吐',1);
insert  into `tb_sympton`(`i_symp_id`,`v_symp_name`,`i_symp_status`) values (52,'小便频',1);
insert  into `tb_sympton`(`i_symp_id`,`v_symp_name`,`i_symp_status`) values (53,'烦渴',1);
insert  into `tb_sympton`(`i_symp_id`,`v_symp_name`,`i_symp_status`) values (54,'浮肿',1);
insert  into `tb_sympton`(`i_symp_id`,`v_symp_name`,`i_symp_status`) values (55,'胸胁闷',1);
insert  into `tb_sympton`(`i_symp_id`,`v_symp_name`,`i_symp_status`) values (56,'胸背痛',1);
insert  into `tb_sympton`(`i_symp_id`,`v_symp_name`,`i_symp_status`) values (57,'胸痛',1);
insert  into `tb_sympton`(`i_symp_id`,`v_symp_name`,`i_symp_status`) values (58,'痛处有定处',1);
insert  into `tb_sympton`(`i_symp_id`,`v_symp_name`,`i_symp_status`) values (60,'无汗',1);
insert  into `tb_sympton`(`i_symp_id`,`v_symp_name`,`i_symp_status`) values (61,'恶寒',1);
insert  into `tb_sympton`(`i_symp_id`,`v_symp_name`,`i_symp_status`) values (62,'胸闷',1);
insert  into `tb_sympton`(`i_symp_id`,`v_symp_name`,`i_symp_status`) values (63,'颈痛',1);
insert  into `tb_sympton`(`i_symp_id`,`v_symp_name`,`i_symp_status`) values (64,'背痛',1);
insert  into `tb_sympton`(`i_symp_id`,`v_symp_name`,`i_symp_status`) values (65,'下利',1);
insert  into `tb_sympton`(`i_symp_id`,`v_symp_name`,`i_symp_status`) values (66,'身痒',1);
insert  into `tb_sympton`(`i_symp_id`,`v_symp_name`,`i_symp_status`) values (67,'疟状',1);
insert  into `tb_sympton`(`i_symp_id`,`v_symp_name`,`i_symp_status`) values (68,'咳',1);
insert  into `tb_sympton`(`i_symp_id`,`v_symp_name`,`i_symp_status`) values (69,'身肿',1);
insert  into `tb_sympton`(`i_symp_id`,`v_symp_name`,`i_symp_status`) values (70,'下肢重',1);
insert  into `tb_sympton`(`i_symp_id`,`v_symp_name`,`i_symp_status`) values (71,'不恶寒',1);
insert  into `tb_sympton`(`i_symp_id`,`v_symp_name`,`i_symp_status`) values (72,'关节疼痛',1);
insert  into `tb_sympton`(`i_symp_id`,`v_symp_name`,`i_symp_status`) values (73,'腹满痛',1);
insert  into `tb_sympton`(`i_symp_id`,`v_symp_name`,`i_symp_status`) values (74,'大便不通',1);
insert  into `tb_sympton`(`i_symp_id`,`v_symp_name`,`i_symp_status`) values (75,'不渴',1);
insert  into `tb_sympton`(`i_symp_id`,`v_symp_name`,`i_symp_status`) values (76,'气上逆',1);
insert  into `tb_sympton`(`i_symp_id`,`v_symp_name`,`i_symp_status`) values (77,'咽痛',1);
insert  into `tb_sympton`(`i_symp_id`,`v_symp_name`,`i_symp_status`) values (78,'目张',1);
insert  into `tb_sympton`(`i_symp_id`,`v_symp_name`,`i_symp_status`) values (79,'呼吸困难',1);
insert  into `tb_sympton`(`i_symp_id`,`v_symp_name`,`i_symp_status`) values (80,'口干',1);
insert  into `tb_sympton`(`i_symp_id`,`v_symp_name`,`i_symp_status`) values (81,'不恶风',1);
insert  into `tb_sympton`(`i_symp_id`,`v_symp_name`,`i_symp_status`) values (82,'关节痛',1);
insert  into `tb_sympton`(`i_symp_id`,`v_symp_name`,`i_symp_status`) values (83,'肿',1);
insert  into `tb_sympton`(`i_symp_id`,`v_symp_name`,`i_symp_status`) values (84,'里热明显',1);
insert  into `tb_sympton`(`i_symp_id`,`v_symp_name`,`i_symp_status`) values (85,'身黄',1);
insert  into `tb_sympton`(`i_symp_id`,`v_symp_name`,`i_symp_status`) values (86,'目黄',1);
insert  into `tb_sympton`(`i_symp_id`,`v_symp_name`,`i_symp_status`) values (87,'欲呕',1);
insert  into `tb_sympton`(`i_symp_id`,`v_symp_name`,`i_symp_status`) values (88,'盗汗',1);
insert  into `tb_sympton`(`i_symp_id`,`v_symp_name`,`i_symp_status`) values (89,'呕吐',1);
insert  into `tb_sympton`(`i_symp_id`,`v_symp_name`,`i_symp_status`) values (90,'寒热往来',1);
insert  into `tb_sympton`(`i_symp_id`,`v_symp_name`,`i_symp_status`) values (91,'胸胁痛',1);
insert  into `tb_sympton`(`i_symp_id`,`v_symp_name`,`i_symp_status`) values (92,'大便溏',1);
insert  into `tb_sympton`(`i_symp_id`,`v_symp_name`,`i_symp_status`) values (93,'胁下痞',1);
insert  into `tb_sympton`(`i_symp_id`,`v_symp_name`,`i_symp_status`) values (94,'大便干',1);
insert  into `tb_sympton`(`i_symp_id`,`v_symp_name`,`i_symp_status`) values (95,'口苦',1);
insert  into `tb_sympton`(`i_symp_id`,`v_symp_name`,`i_symp_status`) values (96,'咽干',1);
insert  into `tb_sympton`(`i_symp_id`,`v_symp_name`,`i_symp_status`) values (97,'心下急',1);
insert  into `tb_sympton`(`i_symp_id`,`v_symp_name`,`i_symp_status`) values (98,'腹满',1);
insert  into `tb_sympton`(`i_symp_id`,`v_symp_name`,`i_symp_status`) values (99,'无恶寒',1);
insert  into `tb_sympton`(`i_symp_id`,`v_symp_name`,`i_symp_status`) values (100,'谵语',1);
insert  into `tb_sympton`(`i_symp_id`,`v_symp_name`,`i_symp_status`) values (101,'小便失禁',1);
insert  into `tb_sympton`(`i_symp_id`,`v_symp_name`,`i_symp_status`) values (102,'口燥',1);
insert  into `tb_sympton`(`i_symp_id`,`v_symp_name`,`i_symp_status`) values (103,'口渴明显',1);
insert  into `tb_sympton`(`i_symp_id`,`v_symp_name`,`i_symp_status`) values (104,'不大便',1);
insert  into `tb_sympton`(`i_symp_id`,`v_symp_name`,`i_symp_status`) values (105,'腹胀',1);
insert  into `tb_sympton`(`i_symp_id`,`v_symp_name`,`i_symp_status`) values (106,'燥屎',1);
insert  into `tb_sympton`(`i_symp_id`,`v_symp_name`,`i_symp_status`) values (107,'潮热',1);
insert  into `tb_sympton`(`i_symp_id`,`v_symp_name`,`i_symp_status`) values (108,'大便干燥',1);
insert  into `tb_sympton`(`i_symp_id`,`v_symp_name`,`i_symp_status`) values (109,'吐血',1);
insert  into `tb_sympton`(`i_symp_id`,`v_symp_name`,`i_symp_status`) values (110,'鼻血',1);
insert  into `tb_sympton`(`i_symp_id`,`v_symp_name`,`i_symp_status`) values (111,'下肢冷',1);
insert  into `tb_sympton`(`i_symp_id`,`v_symp_name`,`i_symp_status`) values (112,'黄疸',1);
insert  into `tb_sympton`(`i_symp_id`,`v_symp_name`,`i_symp_status`) values (113,'小便黄',1);
insert  into `tb_sympton`(`i_symp_id`,`v_symp_name`,`i_symp_status`) values (114,'心中烦闷',1);
insert  into `tb_sympton`(`i_symp_id`,`v_symp_name`,`i_symp_status`) values (115,'心中绞痛',1);
insert  into `tb_sympton`(`i_symp_id`,`v_symp_name`,`i_symp_status`) values (116,'呼吸急迫',1);
insert  into `tb_sympton`(`i_symp_id`,`v_symp_name`,`i_symp_status`) values (117,'睡眠差',1);
insert  into `tb_sympton`(`i_symp_id`,`v_symp_name`,`i_symp_status`) values (118,'热痢',1);
insert  into `tb_sympton`(`i_symp_id`,`v_symp_name`,`i_symp_status`) values (119,'里急后重',1);
insert  into `tb_sympton`(`i_symp_id`,`v_symp_name`,`i_symp_status`) values (120,'便脓血',1);
insert  into `tb_sympton`(`i_symp_id`,`v_symp_name`,`i_symp_status`) values (121,'痰黄',1);
insert  into `tb_sympton`(`i_symp_id`,`v_symp_name`,`i_symp_status`) values (122,'咳脓痰',1);
insert  into `tb_sympton`(`i_symp_id`,`v_symp_name`,`i_symp_status`) values (123,'肠痈腹痛',1);
insert  into `tb_sympton`(`i_symp_id`,`v_symp_name`,`i_symp_status`) values (124,'皮肤肿痒流黄水',1);
insert  into `tb_sympton`(`i_symp_id`,`v_symp_name`,`i_symp_status`) values (125,'鹅掌风',1);
insert  into `tb_sympton`(`i_symp_id`,`v_symp_name`,`i_symp_status`) values (126,'黄水疮',1);
insert  into `tb_sympton`(`i_symp_id`,`v_symp_name`,`i_symp_status`) values (127,'尿血',1);
insert  into `tb_sympton`(`i_symp_id`,`v_symp_name`,`i_symp_status`) values (128,'欲饮',1);
insert  into `tb_sympton`(`i_symp_id`,`v_symp_name`,`i_symp_status`) values (129,'尿痛',1);
insert  into `tb_sympton`(`i_symp_id`,`v_symp_name`,`i_symp_status`) values (130,'腰痛',1);
insert  into `tb_sympton`(`i_symp_id`,`v_symp_name`,`i_symp_status`) values (131,'少腹痛',1);
insert  into `tb_sympton`(`i_symp_id`,`v_symp_name`,`i_symp_status`) values (132,'硬满',1);
insert  into `tb_sympton`(`i_symp_id`,`v_symp_name`,`i_symp_status`) values (133,'大便硬',1);
insert  into `tb_sympton`(`i_symp_id`,`v_symp_name`,`i_symp_status`) values (134,'右腹痛',1);
insert  into `tb_sympton`(`i_symp_id`,`v_symp_name`,`i_symp_status`) values (135,'按之加重',1);
insert  into `tb_sympton`(`i_symp_id`,`v_symp_name`,`i_symp_status`) values (136,'小便利',1);
insert  into `tb_sympton`(`i_symp_id`,`v_symp_name`,`i_symp_status`) values (137,'人如狂',1);
insert  into `tb_sympton`(`i_symp_id`,`v_symp_name`,`i_symp_status`) values (138,'胁闷',1);
insert  into `tb_sympton`(`i_symp_id`,`v_symp_name`,`i_symp_status`) values (139,'皮肤色紫',1);
insert  into `tb_sympton`(`i_symp_id`,`v_symp_name`,`i_symp_status`) values (140,'心下硬',1);
insert  into `tb_sympton`(`i_symp_id`,`v_symp_name`,`i_symp_status`) values (141,'满痛',1);
insert  into `tb_sympton`(`i_symp_id`,`v_symp_name`,`i_symp_status`) values (142,'拒按',1);
insert  into `tb_sympton`(`i_symp_id`,`v_symp_name`,`i_symp_status`) values (143,'疼痛较轻',1);
insert  into `tb_sympton`(`i_symp_id`,`v_symp_name`,`i_symp_status`) values (144,'项背强急',1);
insert  into `tb_sympton`(`i_symp_id`,`v_symp_name`,`i_symp_status`) values (145,'肠鸣',1);
insert  into `tb_sympton`(`i_symp_id`,`v_symp_name`,`i_symp_status`) values (146,'下肢浮肿',1);
insert  into `tb_sympton`(`i_symp_id`,`v_symp_name`,`i_symp_status`) values (147,'胁张',1);
insert  into `tb_sympton`(`i_symp_id`,`v_symp_name`,`i_symp_status`) values (148,'胸满',1);
insert  into `tb_sympton`(`i_symp_id`,`v_symp_name`,`i_symp_status`) values (149,'心下痛',1);
insert  into `tb_sympton`(`i_symp_id`,`v_symp_name`,`i_symp_status`) values (150,'少腹满',1);
insert  into `tb_sympton`(`i_symp_id`,`v_symp_name`,`i_symp_status`) values (151,'少腹硬',1);
insert  into `tb_sympton`(`i_symp_id`,`v_symp_name`,`i_symp_status`) values (152,'吐黄脓痰',1);
insert  into `tb_sympton`(`i_symp_id`,`v_symp_name`,`i_symp_status`) values (153,'胁满',1);
insert  into `tb_sympton`(`i_symp_id`,`v_symp_name`,`i_symp_status`) values (154,'不欲饮食',1);
insert  into `tb_sympton`(`i_symp_id`,`v_symp_name`,`i_symp_status`) values (155,'虐状',1);
insert  into `tb_sympton`(`i_symp_id`,`v_symp_name`,`i_symp_status`) values (157,'恶心',1);
insert  into `tb_sympton`(`i_symp_id`,`v_symp_name`,`i_symp_status`) values (158,'血虚',1);
insert  into `tb_sympton`(`i_symp_id`,`v_symp_name`,`i_symp_status`) values (159,'脓痰',1);
insert  into `tb_sympton`(`i_symp_id`,`v_symp_name`,`i_symp_status`) values (160,'身冷',1);
insert  into `tb_sympton`(`i_symp_id`,`v_symp_name`,`i_symp_status`) values (161,'下利清谷',1);
insert  into `tb_sympton`(`i_symp_id`,`v_symp_name`,`i_symp_status`) values (162,'脉欲绝',1);
insert  into `tb_sympton`(`i_symp_id`,`v_symp_name`,`i_symp_status`) values (163,'下肢酸',1);
insert  into `tb_sympton`(`i_symp_id`,`v_symp_name`,`i_symp_status`) values (164,'腹冷痛',1);
insert  into `tb_sympton`(`i_symp_id`,`v_symp_name`,`i_symp_status`) values (165,'身体某侧痛',1);
insert  into `tb_sympton`(`i_symp_id`,`v_symp_name`,`i_symp_status`) values (166,'胁下痛',1);
insert  into `tb_sympton`(`i_symp_id`,`v_symp_name`,`i_symp_status`) values (167,'咳逆',1);
insert  into `tb_sympton`(`i_symp_id`,`v_symp_name`,`i_symp_status`) values (168,'咽中有异物',1);
insert  into `tb_sympton`(`i_symp_id`,`v_symp_name`,`i_symp_status`) values (169,'不能食',1);
insert  into `tb_sympton`(`i_symp_id`,`v_symp_name`,`i_symp_status`) values (170,'畏冷',1);
insert  into `tb_sympton`(`i_symp_id`,`v_symp_name`,`i_symp_status`) values (171,'干呕',1);
insert  into `tb_sympton`(`i_symp_id`,`v_symp_name`,`i_symp_status`) values (172,'吐延沫',1);
insert  into `tb_sympton`(`i_symp_id`,`v_symp_name`,`i_symp_status`) values (173,'胃寒',1);
insert  into `tb_sympton`(`i_symp_id`,`v_symp_name`,`i_symp_status`) values (174,'延沫',1);
insert  into `tb_sympton`(`i_symp_id`,`v_symp_name`,`i_symp_status`) values (175,'白痰',1);
insert  into `tb_sympton`(`i_symp_id`,`v_symp_name`,`i_symp_status`) values (176,'咽喉不利',1);
insert  into `tb_sympton`(`i_symp_id`,`v_symp_name`,`i_symp_status`) values (177,'咽燥',1);
insert  into `tb_sympton`(`i_symp_id`,`v_symp_name`,`i_symp_status`) values (178,'小便自利',1);
insert  into `tb_sympton`(`i_symp_id`,`v_symp_name`,`i_symp_status`) values (179,'腰冷',1);
insert  into `tb_sympton`(`i_symp_id`,`v_symp_name`,`i_symp_status`) values (180,'腹重',1);
insert  into `tb_sympton`(`i_symp_id`,`v_symp_name`,`i_symp_status`) values (181,'逆气',1);
insert  into `tb_sympton`(`i_symp_id`,`v_symp_name`,`i_symp_status`) values (182,'纳差',1);
insert  into `tb_sympton`(`i_symp_id`,`v_symp_name`,`i_symp_status`) values (183,'胸痹',1);
insert  into `tb_sympton`(`i_symp_id`,`v_symp_name`,`i_symp_status`) values (184,'胸中气塞',1);
insert  into `tb_sympton`(`i_symp_id`,`v_symp_name`,`i_symp_status`) values (185,'欲哭',1);
insert  into `tb_sympton`(`i_symp_id`,`v_symp_name`,`i_symp_status`) values (186,'悲伤',1);
insert  into `tb_sympton`(`i_symp_id`,`v_symp_name`,`i_symp_status`) values (187,'心下坚',1);
insert  into `tb_sympton`(`i_symp_id`,`v_symp_name`,`i_symp_status`) values (188,'边界清楚',1);
insert  into `tb_sympton`(`i_symp_id`,`v_symp_name`,`i_symp_status`) values (189,'下血',1);
insert  into `tb_sympton`(`i_symp_id`,`v_symp_name`,`i_symp_status`) values (190,'面色苍白',1);
insert  into `tb_sympton`(`i_symp_id`,`v_symp_name`,`i_symp_status`) values (191,'四肢痉挛',1);
insert  into `tb_sympton`(`i_symp_id`,`v_symp_name`,`i_symp_status`) values (192,'四肢无力',1);
insert  into `tb_sympton`(`i_symp_id`,`v_symp_name`,`i_symp_status`) values (193,'失眠',1);
insert  into `tb_sympton`(`i_symp_id`,`v_symp_name`,`i_symp_status`) values (194,'无精神',1);
insert  into `tb_sympton`(`i_symp_id`,`v_symp_name`,`i_symp_status`) values (195,'痰饮',1);
insert  into `tb_sympton`(`i_symp_id`,`v_symp_name`,`i_symp_status`) values (196,'欲眠',1);
insert  into `tb_sympton`(`i_symp_id`,`v_symp_name`,`i_symp_status`) values (197,'肿痛',1);
insert  into `tb_sympton`(`i_symp_id`,`v_symp_name`,`i_symp_status`) values (198,'怕冷',1);
insert  into `tb_sympton`(`i_symp_id`,`v_symp_name`,`i_symp_status`) values (199,'四肢麻',1);
insert  into `tb_sympton`(`i_symp_id`,`v_symp_name`,`i_symp_status`) values (200,'屈伸不利',1);
insert  into `tb_sympton`(`i_symp_id`,`v_symp_name`,`i_symp_status`) values (201,'无气上冲',1);
insert  into `tb_sympton`(`i_symp_id`,`v_symp_name`,`i_symp_status`) values (202,'心下结',1);
insert  into `tb_sympton`(`i_symp_id`,`v_symp_name`,`i_symp_status`) values (203,'上热下寒',1);
insert  into `tb_sympton`(`i_symp_id`,`v_symp_name`,`i_symp_status`) values (204,'嗳气',1);
insert  into `tb_sympton`(`i_symp_id`,`v_symp_name`,`i_symp_status`) values (205,'便后出血',1);

/*!40101 SET SQL_MODE=@OLD_SQL_MODE */;
/*!40014 SET FOREIGN_KEY_CHECKS=@OLD_FOREIGN_KEY_CHECKS */;
/*!40014 SET UNIQUE_CHECKS=@OLD_UNIQUE_CHECKS */;
/*!40111 SET SQL_NOTES=@OLD_SQL_NOTES */;
